journey_id,capture_time,latitude,longitude,fuzzed_point,ignition_status,heading_deg_north,elevation_ft,speed_mph,local_time
39f0065e877ddec9,1722831104,38.647185,-77.284569,False,MIDTRIP,23,95,57,2024-08-05T00:11:44-04:00
39f0065e877ddec9,1722831146,38.657122,-77.279031,False,MIDTRIP,23,138,68,2024-08-05T00:12:26-04:00
39f0065e877ddec9,1722830978,38.615164,-77.2992,False,MIDTRIP,27,7,68,2024-08-05T00:09:38-04:00
39f0065e877ddec9,1722831149,38.657882,-77.278607,False,MIDTRIP,23,144,68,2024-08-05T00:12:29-04:00
39f0065e877ddec9,1722831218,38.668909,-77.263131,False,MIDTRIP,80,30,72,2024-08-05T00:13:38-04:00
39f0065e877ddec9,1722831014,38.624571,-77.294516,False,MIDTRIP,20,82,72,2024-08-05T00:10:14-04:00
39f0065e877ddec9,1722831194,38.667091,-77.27054,False,MIDTRIP,59,59,53,2024-08-05T00:13:14-04:00
39f0065e877ddec9,1722831080,38.641441,-77.28762,False,MIDTRIP,20,105,69,2024-08-05T00:11:20-04:00
39f0065e877ddec9,1722830996,38.619815,-77.296804,False,MIDTRIP,21,49,69,2024-08-05T00:09:56-04:00
39f0065e877ddec9,1722830990,38.618238,-77.297561,False,MIDTRIP,20,39,69,2024-08-05T00:09:50-04:00
39f0065e877ddec9,1722831212,38.668632,-77.265327,False,MIDTRIP,79,36,69,2024-08-05T00:13:32-04:00
39f0065e877ddec9,1722831086,38.64304,-77.286822,False,MIDTRIP,22,85,69,2024-08-05T00:11:26-04:00
39f0065e877ddec9,1722830993,38.619025,-77.297186,False,MIDTRIP,20,46,69,2024-08-05T00:09:53-04:00
39f0065e877ddec9,1722831113,38.649199,-77.283451,False,MIDTRIP,23,121,63,2024-08-05T00:11:53-04:00
39f0065e877ddec9,1722831245,38.670093,-77.254075,False,MIDTRIP,75,-23,63,2024-08-05T00:14:05-04:00
39f0065e877ddec9,1722831107,38.647832,-77.284206,False,MIDTRIP,23,108,59,2024-08-05T00:11:47-04:00
39f0065e877ddec9,1722831098,38.645905,-77.285276,False,MIDTRIP,23,79,59,2024-08-05T00:11:38-04:00
39f0065e877ddec9,1722831053,38.634613,-77.290338,False,MIDTRIP,15,92,64,2024-08-05T00:10:53-04:00
39f0065e877ddec9,1722831057,38.635368,-77.290074,False,MIDTRIP,15,95,64,2024-08-05T00:10:57-04:00
39f0065e877ddec9,1722831065,38.637619,-77.289249,False,MIDTRIP,16,98,64,2024-08-05T00:11:05-04:00
39f0065e877ddec9,1722831170,38.662975,-77.275662,False,MIDTRIP,30,95,64,2024-08-05T00:12:50-04:00
39f0065e877ddec9,1722831134,38.654219,-77.280647,False,MIDTRIP,23,154,64,2024-08-05T00:12:14-04:00
39f0065e877ddec9,1722831059,38.636121,-77.289806,False,MIDTRIP,15,95,64,2024-08-05T00:10:59-04:00
39f0065e877ddec9,1722831038,38.630793,-77.291715,False,MIDTRIP,16,95,64,2024-08-05T00:10:38-04:00
39f0065e877ddec9,1722831062,38.63687,-77.289532,False,MIDTRIP,16,92,64,2024-08-05T00:11:02-04:00
39f0065e877ddec9,1722831117,38.649913,-77.283053,False,MIDTRIP,24,125,64,2024-08-05T00:11:57-04:00
39f0065e877ddec9,1722831140,38.655645,-77.279853,False,MIDTRIP,23,151,64,2024-08-05T00:12:20-04:00
39f0065e877ddec9,1722831032,38.629312,-77.29231,False,MIDTRIP,18,98,64,2024-08-05T00:10:32-04:00
39f0065e877ddec9,1722831131,38.653495,-77.281049,False,MIDTRIP,23,154,64,2024-08-05T00:12:11-04:00
39f0065e877ddec9,1722831128,38.652776,-77.281448,False,MIDTRIP,23,151,64,2024-08-05T00:12:08-04:00
39f0065e877ddec9,1722831281,38.673231,-77.24206,False,MIDTRIP,68,-3,64,2024-08-05T00:14:41-04:00
39f0065e877ddec9,1722831215,38.668768,-77.264237,False,MIDTRIP,81,33,72,2024-08-05T00:13:35-04:00
39f0065e877ddec9,1722831017,38.625396,-77.294111,False,MIDTRIP,20,85,72,2024-08-05T00:10:17-04:00
39f0065e877ddec9,1722831023,38.627008,-77.293342,False,MIDTRIP,19,85,71,2024-08-05T00:10:23-04:00
39f0065e877ddec9,1722831083,38.64224,-77.287231,False,MIDTRIP,21,98,71,2024-08-05T00:11:23-04:00
39f0065e877ddec9,1722831020,38.626201,-77.293722,False,MIDTRIP,20,79,71,2024-08-05T00:10:20-04:00
39f0065e877ddec9,1722831011,38.623759,-77.294908,False,MIDTRIP,20,79,71,2024-08-05T00:10:11-04:00
39f0065e877ddec9,1722831143,38.656371,-77.279451,False,MIDTRIP,23,148,66,2024-08-05T00:12:23-04:00
39f0065e877ddec9,1722831158,38.660095,-77.277378,False,MIDTRIP,23,128,66,2024-08-05T00:12:38-04:00
39f0065e877ddec9,1722831164,38.661565,-77.276565,False,MIDTRIP,24,118,66,2024-08-05T00:12:44-04:00
39f0065e877ddec9,1722831044,38.632328,-77.291152,False,MIDTRIP,15,92,66,2024-08-05T00:10:44-04:00
39f0065e877ddec9,1722831155,38.659363,-77.277786,False,MIDTRIP,23,128,66,2024-08-05T00:12:35-04:00
39f0065e877ddec9,1722831227,38.66928,-77.260082,False,MIDTRIP,80,16,66,2024-08-05T00:13:47-04:00
39f0065e877ddec9,1722831119,38.650638,-77.282641,False,MIDTRIP,23,138,66,2024-08-05T00:11:59-04:00
39f0065e877ddec9,1722831074,38.639888,-77.288325,False,MIDTRIP,18,108,66,2024-08-05T00:11:14-04:00
39f0065e877ddec9,1722831240,38.6698,-77.256013,False,MIDTRIP,80,-3,66,2024-08-05T00:14:00-04:00
39f0065e877ddec9,1722831206,38.668235,-77.26734,False,MIDTRIP,72,46,62,2024-08-05T00:13:26-04:00
39f0065e877ddec9,1722831095,38.645235,-77.285643,False,MIDTRIP,23,79,62,2024-08-05T00:11:35-04:00
39f0065e877ddec9,1722831101,38.64655,-77.284919,False,MIDTRIP,23,85,57,2024-08-05T00:11:41-04:00
39f0065e877ddec9,1722831110,38.648505,-77.283833,False,MIDTRIP,23,112,61,2024-08-05T00:11:50-04:00
39f0065e877ddec9,1722831185,38.665862,-77.272639,False,MIDTRIP,48,49,61,2024-08-05T00:13:05-04:00
39f0065e877ddec9,1722831176,38.664219,-77.274592,False,MIDTRIP,37,69,61,2024-08-05T00:12:56-04:00
39f0065e877ddec9,1722831005,38.622163,-77.295681,False,MIDTRIP,20,66,69,2024-08-05T00:10:05-04:00
39f0065e877ddec9,1722831026,38.627798,-77.292975,False,MIDTRIP,20,102,69,2024-08-05T00:10:26-04:00
39f0065e877ddec9,1722830987,38.617447,-77.297935,False,MIDTRIP,20,30,69,2024-08-05T00:09:47-04:00
39f0065e877ddec9,1722830981,38.615908,-77.298733,False,MIDTRIP,25,16,69,2024-08-05T00:09:41-04:00
39f0065e877ddec9,1722830984,38.616673,-77.298316,False,MIDTRIP,21,16,69,2024-08-05T00:09:44-04:00
39f0065e877ddec9,1722831161,38.66083,-77.276972,False,MIDTRIP,23,128,67,2024-08-05T00:12:41-04:00
39f0065e877ddec9,1722831077,38.640654,-77.287981,False,MIDTRIP,19,108,67,2024-08-05T00:11:17-04:00
39f0065e877ddec9,1722831035,38.630047,-77.292006,False,MIDTRIP,17,98,64,2024-08-05T00:10:35-04:00
39f0065e877ddec9,1722831137,38.654931,-77.280249,False,MIDTRIP,23,154,64,2024-08-05T00:12:17-04:00
39f0065e877ddec9,1722831122,38.651359,-77.282241,False,MIDTRIP,23,141,64,2024-08-05T00:12:02-04:00
39f0065e877ddec9,1722831125,38.652067,-77.281847,False,MIDTRIP,23,154,64,2024-08-05T00:12:05-04:00
39f0065e877ddec9,1722831275,38.672671,-77.243913,False,MIDTRIP,69,-20,64,2024-08-05T00:14:35-04:00
39f0065e877ddec9,1722831047,38.633092,-77.290877,False,MIDTRIP,15,92,65,2024-08-05T00:10:47-04:00
39f0065e877ddec9,1722831071,38.63913,-77.288648,False,MIDTRIP,18,102,65,2024-08-05T00:11:11-04:00
39f0065e877ddec9,1722831041,38.631554,-77.291434,False,MIDTRIP,15,92,65,2024-08-05T00:10:41-04:00
39f0065e877ddec9,1722831224,38.669156,-77.261087,False,MIDTRIP,81,23,65,2024-08-05T00:13:44-04:00
39f0065e877ddec9,1722831068,38.638374,-77.28896,False,MIDTRIP,17,95,65,2024-08-05T00:11:08-04:00
39f0065e877ddec9,1722831092,38.644528,-77.286032,False,MIDTRIP,23,75,65,2024-08-05T00:11:32-04:00
39f0065e877ddec9,1722831050,38.633854,-77.290609,False,MIDTRIP,15,92,65,2024-08-05T00:10:50-04:00
39f0065e877ddec9,1722831008,38.62296,-77.295296,False,MIDTRIP,20,75,70,2024-08-05T00:10:08-04:00
39f0065e877ddec9,1722831209,38.668456,-77.266366,False,MIDTRIP,75,49,67,2024-08-05T00:13:29-04:00
39f0065e877ddec9,1722831221,38.669037,-77.26209,False,MIDTRIP,81,26,67,2024-08-05T00:13:41-04:00
39f0065e877ddec9,1722831089,38.643791,-77.286432,False,MIDTRIP,22,82,67,2024-08-05T00:11:29-04:00
39f0065e877ddec9,1722831030,38.628565,-77.29263,False,MIDTRIP,18,108,67,2024-08-05T00:10:30-04:00
39f0065e877ddec9,1722831167,38.662287,-77.276129,False,MIDTRIP,26,105,67,2024-08-05T00:12:47-04:00
39f0065e877ddec9,1722831230,38.669417,-77.259063,False,MIDTRIP,80,7,67,2024-08-05T00:13:50-04:00
39f0065e877ddec9,1722831152,38.658629,-77.278195,False,MIDTRIP,23,135,67,2024-08-05T00:12:32-04:00
39f0065e877ddec9,1722831233,38.669539,-77.258046,False,MIDTRIP,81,3,67,2024-08-05T00:13:53-04:00
39f0065e877ddec9,1722831173,38.663617,-77.275146,False,MIDTRIP,34,85,62,2024-08-05T00:12:53-04:00
39f0065e877ddec9,1722831179,38.664798,-77.273976,False,MIDTRIP,41,62,62,2024-08-05T00:12:59-04:00
39f0065e877ddec9,1722831188,38.666325,-77.271934,False,MIDTRIP,51,52,58,2024-08-05T00:13:08-04:00
39f0065e877ddec9,1722830999,38.620599,-77.296425,False,MIDTRIP,20,52,69,2024-08-05T00:09:59-04:00
39f0065e877ddec9,1722831200,38.667719,-77.269053,False,MIDTRIP,64,52,55,2024-08-05T00:13:20-04:00
39f0065e877ddec9,1722831197,38.667422,-77.269815,False,MIDTRIP,61,52,54,2024-08-05T00:13:17-04:00
39f0065e877ddec9,1722831182,38.665348,-77.273325,False,MIDTRIP,44,52,62,2024-08-05T00:13:02-04:00
39f0065e877ddec9,1722831002,38.62138,-77.296056,False,MIDTRIP,20,56,69,2024-08-05T00:10:02-04:00
39f0065e877ddec9,1722831203,38.66799,-77.268234,False,MIDTRIP,68,56,59,2024-08-05T00:13:23-04:00
39f0065e877ddec9,1722831191,38.666735,-77.27124,False,MIDTRIP,54,56,55,2024-08-05T00:13:11-04:00
39f0065e877ddec9,1722831251,38.670488,-77.252043,False,MIDTRIP,76,-30,72,2024-08-05T00:14:11-04:00
39f0065e877ddec9,1722831255,38.670708,-77.250935,False,MIDTRIP,75,-30,74,2024-08-05T00:14:15-04:00
39f0065e877ddec9,1722831272,38.672392,-77.244843,False,MIDTRIP,69,-30,65,2024-08-05T00:14:32-04:00
39f0065e877ddec9,1722831248,38.670292,-77.253103,False,MIDTRIP,76,-30,67,2024-08-05T00:14:08-04:00
39f0065e877ddec9,1722831242,38.669936,-77.255026,False,MIDTRIP,79,-10,64,2024-08-05T00:14:02-04:00
39f0065e877ddec9,1722831278,38.672949,-77.242986,False,MIDTRIP,68,-10,64,2024-08-05T00:14:38-04:00
39f0065e877ddec9,1722831284,38.673529,-77.24114,False,MIDTRIP,65,0,64,2024-08-05T00:14:44-04:00
39f0065e877ddec9,1722831236,38.669669,-77.257028,False,MIDTRIP,80,0,67,2024-08-05T00:13:56-04:00
39f0065e877ddec9,1722831263,38.671515,-77.247771,False,MIDTRIP,69,-49,69,2024-08-05T00:14:23-04:00
39f0065e877ddec9,1722831260,38.671233,-77.248787,False,MIDTRIP,71,-43,71,2024-08-05T00:14:20-04:00
39f0065e877ddec9,1722831257,38.670965,-77.249843,False,MIDTRIP,72,-33,73,2024-08-05T00:14:17-04:00
39f0065e877ddec9,1722831266,38.671806,-77.246782,False,MIDTRIP,69,-33,68,2024-08-05T00:14:26-04:00
39f0065e877ddec9,1722831269,38.672107,-77.245801,False,MIDTRIP,69,-33,67,2024-08-05T00:14:29-04:00
cccaf19acf908f42,1722830670,38.66864,-77.265574,False,MIDTRIP,78,46,73,2024-08-05T00:04:30-04:00
cccaf19acf908f42,1722830625,38.660357,-77.277214,False,MIDTRIP,23,128,73,2024-08-05T00:03:45-04:00
cccaf19acf908f42,1722830601,38.653789,-77.280867,False,MIDTRIP,23,151,73,2024-08-05T00:03:21-04:00
cccaf19acf908f42,1722830598,38.652975,-77.281319,False,MIDTRIP,23,151,73,2024-08-05T00:03:18-04:00
cccaf19acf908f42,1722830619,38.658721,-77.278128,False,MIDTRIP,23,131,73,2024-08-05T00:03:39-04:00
cccaf19acf908f42,1722830568,38.64517,-77.285712,False,MIDTRIP,23,75,73,2024-08-05T00:02:48-04:00
cccaf19acf908f42,1722830694,38.669686,-77.257123,False,MIDTRIP,81,-10,73,2024-08-05T00:04:54-04:00
cccaf19acf908f42,1722830682,38.669174,-77.261313,False,MIDTRIP,81,16,68,2024-08-05T00:04:42-04:00
cccaf19acf908f42,1722830652,38.666626,-77.271417,False,MIDTRIP,53,46,68,2024-08-05T00:04:12-04:00
cccaf19acf908f42,1722830475,38.62008,-77.296708,False,MIDTRIP,20,39,68,2024-08-05T00:01:15-04:00
cccaf19acf908f42,1722830478,38.620853,-77.296337,False,MIDTRIP,20,46,68,2024-08-05T00:01:18-04:00
cccaf19acf908f42,1722830655,38.667088,-77.270547,False,MIDTRIP,57,46,68,2024-08-05T00:04:15-04:00
cccaf19acf908f42,1722830490,38.623885,-77.294872,False,MIDTRIP,20,72,68,2024-08-05T00:01:30-04:00
cccaf19acf908f42,1722830505,38.627913,-77.292945,False,MIDTRIP,19,89,72,2024-08-05T00:01:45-04:00
cccaf19acf908f42,1722830643,38.66493,-77.273811,False,MIDTRIP,41,62,72,2024-08-05T00:04:03-04:00
cccaf19acf908f42,1722830523,38.632901,-77.290973,False,MIDTRIP,15,89,72,2024-08-05T00:02:03-04:00
cccaf19acf908f42,1722830520,38.632063,-77.291275,False,MIDTRIP,15,92,72,2024-08-05T00:02:00-04:00
cccaf19acf908f42,1722830511,38.62956,-77.292229,False,MIDTRIP,18,89,72,2024-08-05T00:01:51-04:00
cccaf19acf908f42,1722830595,38.652164,-77.281768,False,MIDTRIP,23,148,72,2024-08-05T00:03:15-04:00
cccaf19acf908f42,1722830514,38.630388,-77.291893,False,MIDTRIP,17,92,72,2024-08-05T00:01:54-04:00
cccaf19acf908f42,1722830499,38.626275,-77.293718,False,MIDTRIP,20,92,72,2024-08-05T00:01:39-04:00
cccaf19acf908f42,1722830538,38.637039,-77.289501,False,MIDTRIP,15,95,69,2024-08-05T00:02:18-04:00
cccaf19acf908f42,1722830550,38.640232,-77.288202,False,MIDTRIP,19,98,69,2024-08-05T00:02:30-04:00
cccaf19acf908f42,1722830583,38.649026,-77.283517,False,MIDTRIP,23,115,69,2024-08-05T00:03:03-04:00
cccaf19acf908f42,1722830649,38.666113,-77.272253,False,MIDTRIP,50,46,69,2024-08-05T00:04:09-04:00
cccaf19acf908f42,1722830679,38.669047,-77.262361,False,MIDTRIP,81,16,69,2024-08-05T00:04:39-04:00
cccaf19acf908f42,1722830493,38.62467,-77.294495,False,MIDTRIP,20,75,69,2024-08-05T00:01:33-04:00
cccaf19acf908f42,1722830586,38.649803,-77.283089,False,MIDTRIP,23,125,69,2024-08-05T00:03:06-04:00
cccaf19acf908f42,1722830700,38.669983,-77.254905,False,MIDTRIP,79,-23,69,2024-08-05T00:05:00-04:00
cccaf19acf908f42,1722830742,38.673361,-77.241613,False,MIDTRIP,67,-7,69,2024-08-05T00:05:42-04:00
cccaf19acf908f42,1722830466,38.617825,-77.29779,False,MIDTRIP,20,20,63,2024-08-05T00:01:06-04:00
cccaf19acf908f42,1722830610,38.656257,-77.279491,False,MIDTRIP,23,144,74,2024-08-05T00:03:30-04:00
cccaf19acf908f42,1722830703,38.670143,-77.253913,False,MIDTRIP,77,-30,64,2024-08-05T00:05:03-04:00
cccaf19acf908f42,1722830502,38.627094,-77.293328,False,MIDTRIP,20,92,72,2024-08-05T00:01:42-04:00
cccaf19acf908f42,1722830556,38.641857,-77.287453,False,MIDTRIP,20,92,72,2024-08-05T00:02:36-04:00
cccaf19acf908f42,1722830628,38.661164,-77.276771,False,MIDTRIP,23,118,72,2024-08-05T00:03:48-04:00
cccaf19acf908f42,1722830517,38.631223,-77.291576,False,MIDTRIP,15,98,72,2024-08-05T00:01:57-04:00
cccaf19acf908f42,1722830640,38.664255,-77.274524,False,MIDTRIP,37,69,72,2024-08-05T00:04:00-04:00
cccaf19acf908f42,1722830529,38.634566,-77.290381,False,MIDTRIP,15,85,71,2024-08-05T00:02:09-04:00
cccaf19acf908f42,1722830532,38.635391,-77.290082,False,MIDTRIP,16,89,71,2024-08-05T00:02:12-04:00
cccaf19acf908f42,1722830508,38.628733,-77.29258,False,MIDTRIP,18,85,71,2024-08-05T00:01:48-04:00
cccaf19acf908f42,1722830553,38.641039,-77.287834,False,MIDTRIP,19,92,71,2024-08-05T00:02:33-04:00
cccaf19acf908f42,1722830592,38.651368,-77.282213,False,MIDTRIP,23,138,71,2024-08-05T00:03:12-04:00
cccaf19acf908f42,1722830526,38.633738,-77.290676,False,MIDTRIP,15,82,71,2024-08-05T00:02:06-04:00
cccaf19acf908f42,1722830496,38.625467,-77.29411,False,MIDTRIP,20,79,71,2024-08-05T00:01:36-04:00
cccaf19acf908f42,1722830535,38.636219,-77.289786,False,MIDTRIP,15,92,71,2024-08-05T00:02:15-04:00
cccaf19acf908f42,1722830484,38.622355,-77.295611,False,MIDTRIP,20,62,66,2024-08-05T00:01:24-04:00
cccaf19acf908f42,1722830481,38.621605,-77.295973,False,MIDTRIP,20,52,66,2024-08-05T00:01:21-04:00
cccaf19acf908f42,1722830685,38.669298,-77.260297,False,MIDTRIP,81,7,66,2024-08-05T00:04:45-04:00
cccaf19acf908f42,1722830463,38.617112,-77.298136,False,MIDTRIP,20,16,62,2024-08-05T00:01:03-04:00
cccaf19acf908f42,1722830457,38.615725,-77.298876,False,MIDTRIP,25,3,62,2024-08-05T00:00:57-04:00
cccaf19acf908f42,1722830580,38.648255,-77.283951,False,MIDTRIP,24,102,69,2024-08-05T00:03:00-04:00
cccaf19acf908f42,1722830661,38.667849,-77.268689,False,MIDTRIP,66,49,69,2024-08-05T00:04:21-04:00
cccaf19acf908f42,1722830547,38.639437,-77.288554,False,MIDTRIP,18,92,69,2024-08-05T00:02:27-04:00
cccaf19acf908f42,1722830676,38.668923,-77.263424,False,MIDTRIP,81,30,69,2024-08-05T00:04:36-04:00
cccaf19acf908f42,1722830574,38.646732,-77.284827,False,MIDTRIP,24,82,69,2024-08-05T00:02:54-04:00
cccaf19acf908f42,1722830544,38.638643,-77.288886,False,MIDTRIP,17,98,69,2024-08-05T00:02:24-04:00
cccaf19acf908f42,1722830541,38.637843,-77.289198,False,MIDTRIP,16,98,69,2024-08-05T00:02:21-04:00
cccaf19acf908f42,1722830577,38.647492,-77.28439,False,MIDTRIP,24,89,69,2024-08-05T00:02:57-04:00
cccaf19acf908f42,1722830736,38.672748,-77.243605,False,MIDTRIP,69,-23,69,2024-08-05T00:05:36-04:00
cccaf19acf908f42,1722830739,38.673048,-77.242611,False,MIDTRIP,68,-13,69,2024-08-05T00:05:39-04:00
cccaf19acf908f42,1722830658,38.667494,-77.269643,False,MIDTRIP,62,46,67,2024-08-05T00:04:18-04:00
cccaf19acf908f42,1722830472,38.619309,-77.297077,False,MIDTRIP,20,33,67,2024-08-05T00:01:12-04:00
cccaf19acf908f42,1722830487,38.623115,-77.295246,False,MIDTRIP,20,62,67,2024-08-05T00:01:27-04:00
cccaf19acf908f42,1722830733,38.672455,-77.24459,False,MIDTRIP,69,-30,67,2024-08-05T00:05:33-04:00
cccaf19acf908f42,1722830562,38.643527,-77.286611,False,MIDTRIP,22,75,75,2024-08-05T00:02:42-04:00
cccaf19acf908f42,1722830637,38.663534,-77.275188,False,MIDTRIP,33,75,74,2024-08-05T00:03:57-04:00
cccaf19acf908f42,1722830697,38.66983,-77.255996,False,MIDTRIP,80,-16,74,2024-08-05T00:04:57-04:00
cccaf19acf908f42,1722830565,38.644359,-77.286164,False,MIDTRIP,23,69,74,2024-08-05T00:02:45-04:00
cccaf19acf908f42,1722830604,38.654608,-77.28041,False,MIDTRIP,23,151,74,2024-08-05T00:03:24-04:00
cccaf19acf908f42,1722830613,38.657083,-77.27904,False,MIDTRIP,23,138,74,2024-08-05T00:03:33-04:00
cccaf19acf908f42,1722830559,38.642689,-77.287044,False,MIDTRIP,21,82,74,2024-08-05T00:02:39-04:00
cccaf19acf908f42,1722830616,38.657908,-77.278578,False,MIDTRIP,23,138,74,2024-08-05T00:03:36-04:00
cccaf19acf908f42,1722830634,38.662772,-77.275784,False,MIDTRIP,29,98,74,2024-08-05T00:03:54-04:00
cccaf19acf908f42,1722830622,38.659538,-77.277671,False,MIDTRIP,23,128,74,2024-08-05T00:03:42-04:00
cccaf19acf908f42,1722830631,38.661974,-77.276306,False,MIDTRIP,25,112,74,2024-08-05T00:03:51-04:00
cccaf19acf908f42,1722830607,38.655431,-77.279953,False,MIDTRIP,23,148,74,2024-08-05T00:03:27-04:00
cccaf19acf908f42,1722830469,38.618554,-77.29744,False,MIDTRIP,20,26,65,2024-08-05T00:01:09-04:00
cccaf19acf908f42,1722830673,38.668794,-77.264478,False,MIDTRIP,80,39,70,2024-08-05T00:04:33-04:00
cccaf19acf908f42,1722830667,38.668433,-77.266658,False,MIDTRIP,74,52,70,2024-08-05T00:04:27-04:00
cccaf19acf908f42,1722830571,38.645961,-77.28527,False,MIDTRIP,23,79,70,2024-08-05T00:02:51-04:00
cccaf19acf908f42,1722830589,38.650583,-77.282655,False,MIDTRIP,23,131,70,2024-08-05T00:03:09-04:00
cccaf19acf908f42,1722830646,38.665546,-77.273057,False,MIDTRIP,45,49,70,2024-08-05T00:04:06-04:00
cccaf19acf908f42,1722830664,38.668169,-77.267686,False,MIDTRIP,69,56,70,2024-08-05T00:04:24-04:00
cccaf19acf908f42,1722830691,38.669551,-77.258233,False,MIDTRIP,81,-3,70,2024-08-05T00:04:51-04:00
cccaf19acf908f42,1722830460,38.61641,-77.298488,False,MIDTRIP,22,10,62,2024-08-05T00:01:00-04:00
cccaf19acf908f42,1722830454,38.615048,-77.299308,False,MIDTRIP,28,0,63,2024-08-05T00:00:54-04:00
cccaf19acf908f42,1722830745,38.673702,-77.240618,False,MIDTRIP,65,0,70,2024-08-05T00:05:45-04:00
cccaf19acf908f42,1722830688,38.669418,-77.25929,False,MIDTRIP,80,0,67,2024-08-05T00:04:48-04:00
cccaf19acf908f42,1722830721,38.671318,-77.248413,False,MIDTRIP,70,-49,65,2024-08-05T00:05:21-04:00
cccaf19acf908f42,1722830724,38.671591,-77.247464,False,MIDTRIP,69,-49,65,2024-08-05T00:05:24-04:00
cccaf19acf908f42,1722830715,38.670835,-77.250312,False,MIDTRIP,73,-46,63,2024-08-05T00:05:15-04:00
cccaf19acf908f42,1722830718,38.671064,-77.249366,False,MIDTRIP,72,-46,64,2024-08-05T00:05:18-04:00
cccaf19acf908f42,1722830727,38.671873,-77.246521,False,MIDTRIP,69,-43,65,2024-08-05T00:05:27-04:00
cccaf19acf908f42,1722830712,38.670638,-77.251237,False,MIDTRIP,75,-39,59,2024-08-05T00:05:12-04:00
cccaf19acf908f42,1722830709,38.670466,-77.252113,False,MIDTRIP,76,-39,57,2024-08-05T00:05:09-04:00
cccaf19acf908f42,1722830706,38.670305,-77.252981,False,MIDTRIP,76,-36,59,2024-08-05T00:05:06-04:00
cccaf19acf908f42,1722830730,38.672162,-77.245563,False,MIDTRIP,68,-33,67,2024-08-05T00:05:30-04:00
4b36c42d34009c72,1722832717,38.617932,-77.298393,False,MIDTRIP,201,26,81,2024-08-05T00:38:37-04:00
4b36c42d34009c72,1722832705,38.621428,-77.296696,False,MIDTRIP,200,69,73,2024-08-05T00:38:25-04:00
4b36c42d34009c72,1722832405,38.674113,-77.240699,False,MIDTRIP,241,13,73,2024-08-05T00:33:25-04:00
4b36c42d34009c72,1722832588,38.647186,-77.28517,False,MIDTRIP,202,98,57,2024-08-05T00:36:28-04:00
4b36c42d34009c72,1722832681,38.628115,-77.293492,False,MIDTRIP,199,92,68,2024-08-05T00:38:01-04:00
4b36c42d34009c72,1722832684,38.627338,-77.293852,False,MIDTRIP,200,85,68,2024-08-05T00:38:04-04:00
4b36c42d34009c72,1722832660,38.633259,-77.291543,False,MIDTRIP,195,92,52,2024-08-05T00:37:40-04:00
4b36c42d34009c72,1722832687,38.626527,-77.294229,False,MIDTRIP,200,89,72,2024-08-05T00:38:07-04:00
4b36c42d34009c72,1722832561,38.653533,-77.281683,False,MIDTRIP,201,148,72,2024-08-05T00:36:01-04:00
4b36c42d34009c72,1722832639,38.637057,-77.290181,False,MIDTRIP,196,108,42,2024-08-05T00:37:19-04:00
4b36c42d34009c72,1722832489,38.668382,-77.26814,False,MIDTRIP,250,59,53,2024-08-05T00:34:49-04:00
4b36c42d34009c72,1722832486,38.668589,-77.267356,False,MIDTRIP,253,62,53,2024-08-05T00:34:46-04:00
4b36c42d34009c72,1722832483,38.668758,-77.266573,False,MIDTRIP,257,56,53,2024-08-05T00:34:43-04:00
4b36c42d34009c72,1722832543,38.658269,-77.279103,False,MIDTRIP,203,105,69,2024-08-05T00:35:43-04:00
4b36c42d34009c72,1722832549,38.656725,-77.279965,False,MIDTRIP,204,115,69,2024-08-05T00:35:49-04:00
4b36c42d34009c72,1722832537,38.659817,-77.278282,False,MIDTRIP,204,89,69,2024-08-05T00:35:37-04:00
4b36c42d34009c72,1722832546,38.657493,-77.279526,False,MIDTRIP,204,105,69,2024-08-05T00:35:46-04:00
4b36c42d34009c72,1722832654,38.634427,-77.291125,False,MIDTRIP,195,92,48,2024-08-05T00:37:34-04:00
4b36c42d34009c72,1722832651,38.634988,-77.290927,False,MIDTRIP,195,98,48,2024-08-05T00:37:31-04:00
4b36c42d34009c72,1722832525,38.662813,-77.276528,False,MIDTRIP,210,56,63,2024-08-05T00:35:25-04:00
4b36c42d34009c72,1722832474,38.669131,-77.263998,False,MIDTRIP,262,36,63,2024-08-05T00:34:34-04:00
4b36c42d34009c72,1722832720,38.617033,-77.298847,False,MIDTRIP,202,16,79,2024-08-05T00:38:40-04:00
4b36c42d34009c72,1722832711,38.619733,-77.297518,False,MIDTRIP,200,43,76,2024-08-05T00:38:31-04:00
4b36c42d34009c72,1722832516,38.664637,-77.274978,False,MIDTRIP,220,36,59,2024-08-05T00:35:16-04:00
4b36c42d34009c72,1722832585,38.647803,-77.284827,False,MIDTRIP,202,115,54,2024-08-05T00:36:25-04:00
4b36c42d34009c72,1722832699,38.623112,-77.295879,False,MIDTRIP,200,69,74,2024-08-05T00:38:19-04:00
4b36c42d34009c72,1722832702,38.622264,-77.296293,False,MIDTRIP,200,69,74,2024-08-05T00:38:22-04:00
4b36c42d34009c72,1722832690,38.625693,-77.294626,False,MIDTRIP,200,79,74,2024-08-05T00:38:10-04:00
4b36c42d34009c72,1722832408,38.673735,-77.241736,False,MIDTRIP,246,10,74,2024-08-05T00:33:28-04:00
4b36c42d34009c72,1722832411,38.673391,-77.2428,False,MIDTRIP,247,3,74,2024-08-05T00:33:31-04:00
4b36c42d34009c72,1722832723,38.616192,-77.299337,False,MIDTRIP,206,10,74,2024-08-05T00:38:43-04:00
4b36c42d34009c72,1722832708,38.620589,-77.297104,False,MIDTRIP,200,62,74,2024-08-05T00:38:28-04:00
4b36c42d34009c72,1722832417,38.672719,-77.244975,False,MIDTRIP,248,-16,74,2024-08-05T00:33:37-04:00
4b36c42d34009c72,1722832606,38.642898,-77.287543,False,MIDTRIP,202,92,64,2024-08-05T00:36:46-04:00
4b36c42d34009c72,1722832669,38.631174,-77.292255,False,MIDTRIP,196,79,64,2024-08-05T00:37:49-04:00
4b36c42d34009c72,1722832597,38.645101,-77.286341,False,MIDTRIP,203,82,64,2024-08-05T00:36:37-04:00
4b36c42d34009c72,1722832465,38.669489,-77.261027,False,MIDTRIP,261,13,64,2024-08-05T00:34:25-04:00
4b36c42d34009c72,1722832555,38.655141,-77.280822,False,MIDTRIP,202,128,72,2024-08-05T00:35:55-04:00
4b36c42d34009c72,1722832558,38.654332,-77.281261,False,MIDTRIP,202,141,72,2024-08-05T00:35:58-04:00
4b36c42d34009c72,1722832618,38.640131,-77.288913,False,MIDTRIP,199,112,56,2024-08-05T00:36:58-04:00
4b36c42d34009c72,1722832663,38.632625,-77.291766,False,MIDTRIP,195,89,56,2024-08-05T00:37:43-04:00
4b36c42d34009c72,1722832636,38.637532,-77.290003,False,MIDTRIP,196,108,38,2024-08-05T00:37:16-04:00
4b36c42d34009c72,1722832552,38.65594,-77.280392,False,MIDTRIP,203,118,71,2024-08-05T00:35:52-04:00
4b36c42d34009c72,1722832426,38.671773,-77.248196,False,MIDTRIP,249,-33,71,2024-08-05T00:33:46-04:00
4b36c42d34009c72,1722832630,38.638356,-77.289681,False,MIDTRIP,197,112,33,2024-08-05T00:37:10-04:00
4b36c42d34009c72,1722832528,38.662112,-77.277003,False,MIDTRIP,207,82,66,2024-08-05T00:35:28-04:00
4b36c42d34009c72,1722832603,38.643619,-77.287158,False,MIDTRIP,202,85,66,2024-08-05T00:36:43-04:00
4b36c42d34009c72,1722832573,38.650548,-77.283307,False,MIDTRIP,202,141,66,2024-08-05T00:36:13-04:00
4b36c42d34009c72,1722832471,38.669242,-77.263018,False,MIDTRIP,261,23,66,2024-08-05T00:34:31-04:00
4b36c42d34009c72,1722832453,38.669965,-77.257101,False,MIDTRIP,261,-16,66,2024-08-05T00:34:13-04:00
4b36c42d34009c72,1722832450,38.670095,-77.256088,False,MIDTRIP,259,-16,66,2024-08-05T00:34:10-04:00
4b36c42d34009c72,1722832657,38.633856,-77.291333,False,MIDTRIP,195,89,49,2024-08-05T00:37:37-04:00
4b36c42d34009c72,1722832510,38.66572,-77.273688,False,MIDTRIP,228,33,62,2024-08-05T00:35:10-04:00
4b36c42d34009c72,1722832507,38.666221,-77.27297,False,MIDTRIP,231,46,62,2024-08-05T00:35:07-04:00
4b36c42d34009c72,1722832498,38.667506,-77.270606,False,MIDTRIP,242,66,62,2024-08-05T00:34:58-04:00
4b36c42d34009c72,1722832612,38.641486,-77.288279,False,MIDTRIP,200,102,62,2024-08-05T00:36:52-04:00
4b36c42d34009c72,1722832582,38.648416,-77.284491,False,MIDTRIP,202,125,57,2024-08-05T00:36:22-04:00
4b36c42d34009c72,1722832591,38.64652,-77.285543,False,MIDTRIP,203,95,61,2024-08-05T00:36:31-04:00
4b36c42d34009c72,1722832666,38.631928,-77.291994,False,MIDTRIP,194,85,61,2024-08-05T00:37:46-04:00
4b36c42d34009c72,1722832501,38.667118,-77.271429,False,MIDTRIP,237,62,61,2024-08-05T00:35:01-04:00
4b36c42d34009c72,1722832615,38.640786,-77.288611,False,MIDTRIP,199,108,61,2024-08-05T00:36:55-04:00
4b36c42d34009c72,1722832540,38.659045,-77.278696,False,MIDTRIP,202,98,69,2024-08-05T00:35:40-04:00
4b36c42d34009c72,1722832534,38.660593,-77.277855,False,MIDTRIP,204,92,69,2024-08-05T00:35:34-04:00
4b36c42d34009c72,1722832621,38.639561,-77.289171,False,MIDTRIP,199,108,47,2024-08-05T00:37:01-04:00
4b36c42d34009c72,1722832627,38.638742,-77.289523,False,MIDTRIP,197,112,34,2024-08-05T00:37:07-04:00
4b36c42d34009c72,1722832624,38.639124,-77.289365,False,MIDTRIP,198,108,34,2024-08-05T00:37:04-04:00
4b36c42d34009c72,1722832531,38.661367,-77.27744,False,MIDTRIP,204,112,67,2024-08-05T00:35:31-04:00
4b36c42d34009c72,1722832729,38.61475,-77.300366,False,MIDTRIP,211,-3,67,2024-08-05T00:38:49-04:00
4b36c42d34009c72,1722832645,38.636061,-77.290546,False,MIDTRIP,195,98,44,2024-08-05T00:37:25-04:00
4b36c42d34009c72,1722832570,38.651283,-77.282911,False,MIDTRIP,202,157,64,2024-08-05T00:36:10-04:00
4b36c42d34009c72,1722832594,38.645824,-77.285938,False,MIDTRIP,203,89,64,2024-08-05T00:36:34-04:00
4b36c42d34009c72,1722832609,38.642185,-77.287933,False,MIDTRIP,202,98,64,2024-08-05T00:36:49-04:00
4b36c42d34009c72,1722832459,38.669726,-77.25906,False,MIDTRIP,261,3,64,2024-08-05T00:34:19-04:00
4b36c42d34009c72,1722832456,38.669844,-77.258083,False,MIDTRIP,261,-3,64,2024-08-05T00:34:16-04:00
4b36c42d34009c72,1722832477,38.669022,-77.264911,False,MIDTRIP,261,46,59,2024-08-05T00:34:37-04:00
4b36c42d34009c72,1722832519,38.664063,-77.275518,False,MIDTRIP,216,39,59,2024-08-05T00:35:19-04:00
4b36c42d34009c72,1722832714,38.618847,-77.297946,False,MIDTRIP,200,36,79,2024-08-05T00:38:34-04:00
4b36c42d34009c72,1722832642,38.636569,-77.290361,False,MIDTRIP,195,102,42,2024-08-05T00:37:22-04:00
4b36c42d34009c72,1722832579,38.649076,-77.284122,False,MIDTRIP,203,128,65,2024-08-05T00:36:19-04:00
4b36c42d34009c72,1722832672,38.630416,-77.292541,False,MIDTRIP,196,89,65,2024-08-05T00:37:52-04:00
4b36c42d34009c72,1722832468,38.669367,-77.262021,False,MIDTRIP,261,13,65,2024-08-05T00:34:28-04:00
4b36c42d34009c72,1722832675,38.629654,-77.292832,False,MIDTRIP,197,89,65,2024-08-05T00:37:55-04:00
4b36c42d34009c72,1722832633,38.637958,-77.289837,False,MIDTRIP,197,108,34,2024-08-05T00:37:13-04:00
4b36c42d34009c72,1722832492,38.668145,-77.268933,False,MIDTRIP,248,62,55,2024-08-05T00:34:52-04:00
4b36c42d34009c72,1722832480,38.668897,-77.265767,False,MIDTRIP,258,46,55,2024-08-05T00:34:40-04:00
4b36c42d34009c72,1722832564,38.652743,-77.282113,False,MIDTRIP,202,154,70,2024-08-05T00:36:04-04:00
4b36c42d34009c72,1722832567,38.651995,-77.282525,False,MIDTRIP,202,154,67,2024-08-05T00:36:07-04:00
4b36c42d34009c72,1722832600,38.644357,-77.286748,False,MIDTRIP,202,75,67,2024-08-05T00:36:40-04:00
4b36c42d34009c72,1722832678,38.628893,-77.293155,False,MIDTRIP,198,85,67,2024-08-05T00:37:58-04:00
4b36c42d34009c72,1722832576,38.649806,-77.283718,False,MIDTRIP,202,138,67,2024-08-05T00:36:16-04:00
4b36c42d34009c72,1722832648,38.63554,-77.29073,False,MIDTRIP,195,98,45,2024-08-05T00:37:28-04:00
4b36c42d34009c72,1722832504,38.66669,-77.272208,False,MIDTRIP,234,52,62,2024-08-05T00:35:04-04:00
4b36c42d34009c72,1722832513,38.665183,-77.274366,False,MIDTRIP,223,26,62,2024-08-05T00:35:13-04:00
4b36c42d34009c72,1722832495,38.667846,-77.269761,False,MIDTRIP,244,69,60,2024-08-05T00:34:55-04:00
4b36c42d34009c72,1722832522,38.663464,-77.276031,False,MIDTRIP,214,49,60,2024-08-05T00:35:22-04:00
4b36c42d34009c72,1722832696,38.623964,-77.295462,False,MIDTRIP,200,75,77,2024-08-05T00:38:16-04:00
4b36c42d34009c72,1722832693,38.624828,-77.295041,False,MIDTRIP,200,72,77,2024-08-05T00:38:13-04:00
4b36c42d34009c72,1722832462,38.669606,-77.260042,False,MIDTRIP,261,7,64,2024-08-05T00:34:22-04:00
4b36c42d34009c72,1722832726,38.615451,-77.299836,False,MIDTRIP,209,0,67,2024-08-05T00:38:46-04:00
4b36c42d34009c72,1722832435,38.670989,-77.251176,False,MIDTRIP,253,-46,67,2024-08-05T00:33:55-04:00
4b36c42d34009c72,1722832429,38.671491,-77.249193,False,MIDTRIP,250,-39,68,2024-08-05T00:33:49-04:00
4b36c42d34009c72,1722832438,38.670776,-77.252156,False,MIDTRIP,255,-39,66,2024-08-05T00:33:58-04:00
4b36c42d34009c72,1722832432,38.671228,-77.250185,False,MIDTRIP,252,-39,67,2024-08-05T00:33:52-04:00
4b36c42d34009c72,1722832423,38.672081,-77.247146,False,MIDTRIP,249,-36,74,2024-08-05T00:33:43-04:00
4b36c42d34009c72,1722832441,38.670576,-77.253142,False,MIDTRIP,256,-36,66,2024-08-05T00:34:01-04:00
4b36c42d34009c72,1722832447,38.670241,-77.255092,False,MIDTRIP,258,-30,64,2024-08-05T00:34:07-04:00
4b36c42d34009c72,1722832444,38.670401,-77.254116,False,MIDTRIP,258,-30,64,2024-08-05T00:34:04-04:00
4b36c42d34009c72,1722832420,38.672399,-77.246061,False,MIDTRIP,249,-23,75,2024-08-05T00:33:40-04:00
4b36c42d34009c72,1722832414,38.67305,-77.243894,False,MIDTRIP,248,-10,76,2024-08-05T00:33:34-04:00
49e7842e713a1d85,1722833994,38.62978,-77.292067,False,MIDTRIP,17,89,63,2024-08-05T00:59:54-04:00
49e7842e713a1d85,1722833985,38.627619,-77.293008,False,MIDTRIP,19,85,63,2024-08-05T00:59:45-04:00
49e7842e713a1d85,1722833973,38.624724,-77.294392,False,MIDTRIP,20,75,63,2024-08-05T00:59:33-04:00
49e7842e713a1d85,1722833940,38.617041,-77.298094,False,MIDTRIP,20,13,63,2024-08-05T00:59:00-04:00
49e7842e713a1d85,1722833991,38.629058,-77.292373,False,MIDTRIP,18,92,62,2024-08-05T00:59:51-04:00
49e7842e713a1d85,1722833997,38.630506,-77.291785,False,MIDTRIP,16,89,62,2024-08-05T00:59:57-04:00
49e7842e713a1d85,1722833988,38.62834,-77.292686,False,MIDTRIP,19,92,62,2024-08-05T00:59:48-04:00
49e7842e713a1d85,1722833943,38.617751,-77.297755,False,MIDTRIP,20,23,62,2024-08-05T00:59:03-04:00
49e7842e713a1d85,1722833967,38.623301,-77.295084,False,MIDTRIP,21,69,62,2024-08-05T00:59:27-04:00
49e7842e713a1d85,1722833970,38.624008,-77.294738,False,MIDTRIP,20,75,62,2024-08-05T00:59:30-04:00
49e7842e713a1d85,1722833952,38.619832,-77.296755,False,MIDTRIP,20,39,61,2024-08-05T00:59:12-04:00
49e7842e713a1d85,1722833946,38.61845,-77.297418,False,MIDTRIP,20,30,61,2024-08-05T00:59:06-04:00
49e7842e713a1d85,1722833964,38.622601,-77.295425,False,MIDTRIP,20,62,61,2024-08-05T00:59:24-04:00
49e7842e713a1d85,1722833949,38.619143,-77.297089,False,MIDTRIP,20,30,61,2024-08-05T00:59:09-04:00
49e7842e713a1d85,1722833958,38.621217,-77.296094,False,MIDTRIP,20,52,61,2024-08-05T00:59:18-04:00
49e7842e713a1d85,1722833961,38.621907,-77.295759,False,MIDTRIP,20,59,61,2024-08-05T00:59:21-04:00
49e7842e713a1d85,1722833955,38.620524,-77.296423,False,MIDTRIP,20,46,61,2024-08-05T00:59:15-04:00
49e7842e713a1d85,1722833979,38.62617,-77.293691,False,MIDTRIP,20,79,64,2024-08-05T00:59:39-04:00
49e7842e713a1d85,1722833976,38.625444,-77.294038,False,MIDTRIP,20,79,64,2024-08-05T00:59:36-04:00
49e7842e713a1d85,1722833982,38.626896,-77.293345,False,MIDTRIP,20,85,64,2024-08-05T00:59:42-04:00
49e7842e713a1d85,1722833937,38.616329,-77.298458,False,MIDTRIP,23,7,64,2024-08-05T00:58:57-04:00
49e7842e713a1d85,1722833931,38.614928,-77.299323,False,MIDTRIP,28,-3,65,2024-08-05T00:58:51-04:00
49e7842e713a1d85,1722833934,38.615624,-77.298869,False,MIDTRIP,26,0,64,2024-08-05T00:58:54-04:00
2bd302da9400692a,1722833228,38.671162,-77.283658,False,MIDTRIP,10,141,19,2024-08-05T00:47:08-04:00
2bd302da9400692a,1722833231,38.671363,-77.283493,False,MIDTRIP,56,148,21,2024-08-05T00:47:11-04:00
2bd302da9400692a,1722833126,38.656028,-77.289341,False,MIDTRIP,326,154,15,2024-08-05T00:45:26-04:00
2bd302da9400692a,1722833042,38.656462,-77.279175,False,MIDTRIP,24,135,50,2024-08-05T00:44:02-04:00
2bd302da9400692a,1722833261,38.67319,-77.279121,False,MIDTRIP,341,164,17,2024-08-05T00:47:41-04:00
2bd302da9400692a,1722833129,38.656213,-77.289328,False,MIDTRIP,26,151,17,2024-08-05T00:45:29-04:00
2bd302da9400692a,1722833276,38.67392,-77.279952,False,MIDTRIP,27,157,16,2024-08-05T00:47:56-04:00
2bd302da9400692a,1722833258,38.673005,-77.279136,False,MIDTRIP,33,164,14,2024-08-05T00:47:38-04:00
2bd302da9400692a,1722833267,38.673573,-77.279637,False,MIDTRIP,299,164,24,2024-08-05T00:47:47-04:00
2bd302da9400692a,1722833225,38.670912,-77.2837,False,MIDTRIP,7,135,24,2024-08-05T00:47:05-04:00
2bd302da9400692a,1722833270,38.67369,-77.27988,False,MIDTRIP,302,161,14,2024-08-05T00:47:50-04:00
2bd302da9400692a,1722833264,38.673408,-77.279318,False,MIDTRIP,312,167,24,2024-08-05T00:47:44-04:00
2bd302da9400692a,1722833120,38.655708,-77.288696,False,MIDTRIP,299,154,37,2024-08-05T00:45:20-04:00
2bd302da9400692a,1722832895,38.617226,-77.297996,False,MIDTRIP,20,13,73,2024-08-05T00:41:35-04:00
2bd302da9400692a,1722832916,38.622964,-77.295222,False,MIDTRIP,20,62,73,2024-08-05T00:41:56-04:00
2bd302da9400692a,1722832892,38.6164,-77.298406,False,MIDTRIP,22,3,73,2024-08-05T00:41:32-04:00
2bd302da9400692a,1722832889,38.615586,-77.298869,False,MIDTRIP,25,-7,73,2024-08-05T00:41:29-04:00
2bd302da9400692a,1722833006,38.648373,-77.283856,False,MIDTRIP,23,95,68,2024-08-05T00:43:26-04:00
2bd302da9400692a,1722833003,38.647615,-77.284273,False,MIDTRIP,23,85,68,2024-08-05T00:43:23-04:00
2bd302da9400692a,1722832973,38.639733,-77.288334,False,MIDTRIP,18,102,72,2024-08-05T00:42:53-04:00
2bd302da9400692a,1722832985,38.642942,-77.286819,False,MIDTRIP,22,75,72,2024-08-05T00:43:05-04:00
2bd302da9400692a,1722832988,38.643744,-77.286393,False,MIDTRIP,22,62,72,2024-08-05T00:43:08-04:00
2bd302da9400692a,1722832904,38.619676,-77.296804,False,MIDTRIP,20,52,72,2024-08-05T00:41:44-04:00
2bd302da9400692a,1722833033,38.654636,-77.280212,False,MIDTRIP,23,141,58,2024-08-05T00:43:53-04:00
2bd302da9400692a,1722832931,38.62728,-77.293149,False,MIDTRIP,20,79,78,2024-08-05T00:42:11-04:00
2bd302da9400692a,1722832946,38.631745,-77.291317,False,MIDTRIP,15,89,78,2024-08-05T00:42:26-04:00
2bd302da9400692a,1722832943,38.630833,-77.291646,False,MIDTRIP,16,89,78,2024-08-05T00:42:23-04:00
2bd302da9400692a,1722833273,38.673761,-77.279978,False,MIDTRIP,331,161,9,2024-08-05T00:47:53-04:00
2bd302da9400692a,1722833249,38.672336,-77.280239,False,MIDTRIP,56,157,42,2024-08-05T00:47:29-04:00
2bd302da9400692a,1722833246,38.672083,-77.280791,False,MIDTRIP,65,151,42,2024-08-05T00:47:26-04:00
2bd302da9400692a,1722833168,38.661452,-77.284906,False,MIDTRIP,31,121,42,2024-08-05T00:46:08-04:00
2bd302da9400692a,1722833147,38.658428,-77.287394,False,MIDTRIP,36,138,42,2024-08-05T00:45:47-04:00
2bd302da9400692a,1722833144,38.658023,-77.287793,False,MIDTRIP,38,138,42,2024-08-05T00:45:44-04:00
2bd302da9400692a,1722833051,38.657471,-77.278159,False,MIDTRIP,80,121,31,2024-08-05T00:44:11-04:00
2bd302da9400692a,1722833057,38.657127,-77.277421,False,MIDTRIP,160,128,31,2024-08-05T00:44:17-04:00
2bd302da9400692a,1722833279,38.674183,-77.279781,False,MIDTRIP,23,154,26,2024-08-05T00:47:59-04:00
2bd302da9400692a,1722833000,38.64685,-77.284698,False,MIDTRIP,23,82,69,2024-08-05T00:43:20-04:00
2bd302da9400692a,1722832994,38.645309,-77.285546,False,MIDTRIP,23,66,69,2024-08-05T00:43:14-04:00
2bd302da9400692a,1722833174,38.662433,-77.284254,False,MIDTRIP,26,105,48,2024-08-05T00:46:14-04:00
2bd302da9400692a,1722833195,38.66602,-77.283637,False,MIDTRIP,356,108,48,2024-08-05T00:46:35-04:00
2bd302da9400692a,1722833192,38.665435,-77.283574,False,MIDTRIP,354,112,48,2024-08-05T00:46:32-04:00
2bd302da9400692a,1722833135,38.656825,-77.288878,False,MIDTRIP,30,144,36,2024-08-05T00:45:35-04:00
2bd302da9400692a,1722833115,38.65527,-77.287664,False,MIDTRIP,295,148,36,2024-08-05T00:45:15-04:00
2bd302da9400692a,1722833183,38.663866,-77.283473,False,MIDTRIP,8,112,36,2024-08-05T00:46:23-04:00
2bd302da9400692a,1722833237,38.671588,-77.282617,False,MIDTRIP,73,144,36,2024-08-05T00:47:17-04:00
2bd302da9400692a,1722833021,38.651981,-77.281762,False,MIDTRIP,26,135,63,2024-08-05T00:43:41-04:00
2bd302da9400692a,1722833072,38.656591,-77.27937,False,MIDTRIP,284,164,43,2024-08-05T00:44:32-04:00
2bd302da9400692a,1722833216,38.669668,-77.283931,False,MIDTRIP,6,141,43,2024-08-05T00:46:56-04:00
2bd302da9400692a,1722833243,38.671882,-77.281405,False,MIDTRIP,71,154,43,2024-08-05T00:47:23-04:00
2bd302da9400692a,1722833153,38.659271,-77.28664,False,MIDTRIP,34,138,43,2024-08-05T00:45:53-04:00
2bd302da9400692a,1722833222,38.670598,-77.283763,False,MIDTRIP,10,128,31,2024-08-05T00:47:02-04:00
2bd302da9400692a,1722832964,38.637193,-77.289365,False,MIDTRIP,16,92,76,2024-08-05T00:42:44-04:00
2bd302da9400692a,1722833252,38.672619,-77.27974,False,MIDTRIP,53,164,37,2024-08-05T00:47:32-04:00
2bd302da9400692a,1722832967,38.638062,-77.289029,False,MIDTRIP,17,92,74,2024-08-05T00:42:47-04:00
2bd302da9400692a,1722832919,38.623803,-77.294813,False,MIDTRIP,20,69,74,2024-08-05T00:41:59-04:00
2bd302da9400692a,1722832970,38.638908,-77.288683,False,MIDTRIP,18,92,72,2024-08-05T00:42:50-04:00
2bd302da9400692a,1722832898,38.618044,-77.297594,False,MIDTRIP,21,20,72,2024-08-05T00:41:38-04:00
2bd302da9400692a,1722832907,38.620492,-77.296411,False,MIDTRIP,20,52,72,2024-08-05T00:41:47-04:00
2bd302da9400692a,1722832901,38.618859,-77.297196,False,MIDTRIP,20,26,72,2024-08-05T00:41:41-04:00
2bd302da9400692a,1722832910,38.621311,-77.296018,False,MIDTRIP,20,52,72,2024-08-05T00:41:50-04:00
2bd302da9400692a,1722832913,38.622134,-77.295621,False,MIDTRIP,20,52,72,2024-08-05T00:41:53-04:00
2bd302da9400692a,1722833117,38.655485,-77.288183,False,MIDTRIP,298,148,38,2024-08-05T00:45:17-04:00
2bd302da9400692a,1722832976,38.640542,-77.287975,False,MIDTRIP,19,95,71,2024-08-05T00:42:56-04:00
2bd302da9400692a,1722833123,38.655889,-77.289114,False,MIDTRIP,299,154,27,2024-08-05T00:45:23-04:00
2bd302da9400692a,1722833255,38.672846,-77.27936,False,MIDTRIP,52,167,27,2024-08-05T00:47:35-04:00
2bd302da9400692a,1722833108,38.65506,-77.286646,False,MIDTRIP,260,141,33,2024-08-05T00:45:08-04:00
2bd302da9400692a,1722833090,38.656753,-77.283499,False,MIDTRIP,250,148,46,2024-08-05T00:44:50-04:00
2bd302da9400692a,1722833081,38.656952,-77.281391,False,MIDTRIP,273,157,46,2024-08-05T00:44:41-04:00
2bd302da9400692a,1722833087,38.656902,-77.282812,False,MIDTRIP,258,154,46,2024-08-05T00:44:47-04:00
2bd302da9400692a,1722833234,38.671472,-77.283116,False,MIDTRIP,72,148,29,2024-08-05T00:47:14-04:00
2bd302da9400692a,1722833036,38.655274,-77.279859,False,MIDTRIP,23,141,57,2024-08-05T00:43:56-04:00
2bd302da9400692a,1722832934,38.628165,-77.292746,False,MIDTRIP,19,85,77,2024-08-05T00:42:14-04:00
2bd302da9400692a,1722832940,38.629934,-77.291998,False,MIDTRIP,17,92,77,2024-08-05T00:42:20-04:00
2bd302da9400692a,1722832928,38.626395,-77.293566,False,MIDTRIP,20,82,77,2024-08-05T00:42:08-04:00
2bd302da9400692a,1722832958,38.635413,-77.290015,False,MIDTRIP,15,79,77,2024-08-05T00:42:38-04:00
2bd302da9400692a,1722833180,38.663437,-77.283619,False,MIDTRIP,23,105,41,2024-08-05T00:46:20-04:00
2bd302da9400692a,1722833141,38.65763,-77.28819,False,MIDTRIP,37,141,41,2024-08-05T00:45:41-04:00
2bd302da9400692a,1722833204,38.667671,-77.283697,False,MIDTRIP,349,125,41,2024-08-05T00:46:44-04:00
2bd302da9400692a,1722833132,38.656476,-77.289145,False,MIDTRIP,30,148,28,2024-08-05T00:45:32-04:00
2bd302da9400692a,1722832997,38.646078,-77.285123,False,MIDTRIP,23,72,69,2024-08-05T00:43:17-04:00
2bd302da9400692a,1722833177,38.662958,-77.283915,False,MIDTRIP,26,95,47,2024-08-05T00:46:17-04:00
2bd302da9400692a,1722833282,38.674551,-77.279626,False,MIDTRIP,14,148,34,2024-08-05T00:48:02-04:00
2bd302da9400692a,1722833048,38.657291,-77.278587,False,MIDTRIP,44,128,34,2024-08-05T00:44:08-04:00
2bd302da9400692a,1722833075,38.656731,-77.280022,False,MIDTRIP,285,167,44,2024-08-05T00:44:35-04:00
2bd302da9400692a,1722833018,38.651295,-77.282188,False,MIDTRIP,25,131,64,2024-08-05T00:43:38-04:00
2bd302da9400692a,1722832922,38.624655,-77.2944,False,MIDTRIP,20,79,75,2024-08-05T00:42:02-04:00
2bd302da9400692a,1722833054,38.657407,-77.277714,False,MIDTRIP,119,125,29,2024-08-05T00:44:14-04:00
2bd302da9400692a,1722833030,38.653992,-77.280578,False,MIDTRIP,24,141,59,2024-08-05T00:43:50-04:00
2bd302da9400692a,1722832955,38.634501,-77.290336,False,MIDTRIP,15,85,79,2024-08-05T00:42:35-04:00
2bd302da9400692a,1722832949,38.632661,-77.290992,False,MIDTRIP,15,79,79,2024-08-05T00:42:29-04:00
2bd302da9400692a,1722832952,38.633583,-77.290665,False,MIDTRIP,15,85,79,2024-08-05T00:42:32-04:00
2bd302da9400692a,1722833159,38.660123,-77.285886,False,MIDTRIP,34,121,42,2024-08-05T00:45:59-04:00
2bd302da9400692a,1722833150,38.658841,-77.287018,False,MIDTRIP,34,141,42,2024-08-05T00:45:50-04:00
2bd302da9400692a,1722833162,38.660565,-77.285555,False,MIDTRIP,27,121,42,2024-08-05T00:46:02-04:00
2bd302da9400692a,1722833165,38.661024,-77.285239,False,MIDTRIP,29,121,42,2024-08-05T00:46:05-04:00
2bd302da9400692a,1722833156,38.659702,-77.286259,False,MIDTRIP,34,131,42,2024-08-05T00:45:56-04:00
2bd302da9400692a,1722833285,38.67499,-77.279488,False,MIDTRIP,13,154,39,2024-08-05T00:48:05-04:00
2bd302da9400692a,1722833069,38.656459,-77.278739,False,MIDTRIP,283,161,39,2024-08-05T00:44:29-04:00
2bd302da9400692a,1722832886,38.614794,-77.299389,False,MIDTRIP,29,-7,74,2024-08-05T00:41:26-04:00
2bd302da9400692a,1722833015,38.650592,-77.282606,False,MIDTRIP,24,131,65,2024-08-05T00:43:35-04:00
2bd302da9400692a,1722833105,38.655221,-77.286174,False,MIDTRIP,233,144,34,2024-08-05T00:45:05-04:00
2bd302da9400692a,1722833111,38.6551,-77.287162,False,MIDTRIP,288,144,34,2024-08-05T00:45:11-04:00
2bd302da9400692a,1722833102,38.65552,-77.285774,False,MIDTRIP,223,148,39,2024-08-05T00:45:02-04:00
2bd302da9400692a,1722833045,38.65694,-77.278896,False,MIDTRIP,26,135,39,2024-08-05T00:44:05-04:00
2bd302da9400692a,1722832979,38.641345,-77.287605,False,MIDTRIP,20,92,70,2024-08-05T00:42:59-04:00
2bd302da9400692a,1722832982,38.64214,-77.287223,False,MIDTRIP,20,82,70,2024-08-05T00:43:02-04:00
2bd302da9400692a,1722832991,38.644533,-77.285966,False,MIDTRIP,23,62,70,2024-08-05T00:43:11-04:00
2bd302da9400692a,1722833039,38.655885,-77.279512,False,MIDTRIP,24,135,54,2024-08-05T00:43:59-04:00
2bd302da9400692a,1722833096,38.65623,-77.284778,False,MIDTRIP,234,144,47,2024-08-05T00:44:56-04:00
2bd302da9400692a,1722833093,38.656526,-77.284163,False,MIDTRIP,242,148,47,2024-08-05T00:44:53-04:00
2bd302da9400692a,1722833012,38.649862,-77.283018,False,MIDTRIP,23,125,67,2024-08-05T00:43:32-04:00
2bd302da9400692a,1722833009,38.649121,-77.283441,False,MIDTRIP,23,115,67,2024-08-05T00:43:29-04:00
2bd302da9400692a,1722833099,38.655878,-77.285325,False,MIDTRIP,227,141,45,2024-08-05T00:44:59-04:00
2bd302da9400692a,1722833171,38.661919,-77.28458,False,MIDTRIP,26,115,45,2024-08-05T00:46:11-04:00
2bd302da9400692a,1722833078,38.656875,-77.280692,False,MIDTRIP,282,164,45,2024-08-05T00:44:38-04:00
2bd302da9400692a,1722833189,38.664862,-77.2835,False,MIDTRIP,354,118,45,2024-08-05T00:46:29-04:00
2bd302da9400692a,1722833024,38.652662,-77.281339,False,MIDTRIP,25,144,62,2024-08-05T00:43:44-04:00
2bd302da9400692a,1722833240,38.671729,-77.282034,False,MIDTRIP,73,148,40,2024-08-05T00:47:20-04:00
2bd302da9400692a,1722833207,38.668151,-77.28383,False,MIDTRIP,347,131,40,2024-08-05T00:46:47-04:00
2bd302da9400692a,1722833138,38.65723,-77.288566,False,MIDTRIP,34,141,40,2024-08-05T00:45:38-04:00
2bd302da9400692a,1722833210,38.668634,-77.283935,False,MIDTRIP,351,138,40,2024-08-05T00:46:50-04:00
2bd302da9400692a,1722833219,38.670173,-77.28385,False,MIDTRIP,7,128,40,2024-08-05T00:46:59-04:00
2bd302da9400692a,1722833063,38.656485,-77.277702,False,MIDTRIP,238,141,30,2024-08-05T00:44:23-04:00
2bd302da9400692a,1722833060,38.656761,-77.277413,False,MIDTRIP,198,131,30,2024-08-05T00:44:20-04:00
2bd302da9400692a,1722833027,38.653332,-77.280951,False,MIDTRIP,23,154,60,2024-08-05T00:43:47-04:00
2bd302da9400692a,1722832961,38.63631,-77.289689,False,MIDTRIP,15,85,77,2024-08-05T00:42:41-04:00
2bd302da9400692a,1722832937,38.629047,-77.292363,False,MIDTRIP,18,85,77,2024-08-05T00:42:17-04:00
2bd302da9400692a,1722832925,38.625518,-77.29398,False,MIDTRIP,20,79,77,2024-08-05T00:42:05-04:00
2bd302da9400692a,1722833198,38.666605,-77.283647,False,MIDTRIP,0,105,48,2024-08-05T00:46:38-04:00
2bd302da9400692a,1722833213,38.669143,-77.283985,False,MIDTRIP,0,135,43,2024-08-05T00:46:53-04:00
2bd302da9400692a,1722833201,38.667162,-77.283636,False,MIDTRIP,359,108,44,2024-08-05T00:46:41-04:00
2bd302da9400692a,1722833186,38.664331,-77.283448,False,MIDTRIP,358,118,40,2024-08-05T00:46:26-04:00
2bd302da9400692a,1722833066,38.656392,-77.278173,False,MIDTRIP,270,154,33,2024-08-05T00:44:26-04:00
2bd302da9400692a,1722833084,38.65696,-77.282102,False,MIDTRIP,268,157,46,2024-08-05T00:44:44-04:00
