agent_id,agent_type,o_node_id,d_node_id,o_osm_node_id,d_osm_node_id,o_zone_id,d_zone_id,geometry,departure_time
1,v,5682,4699,,,1,2,"LINESTRING(-112.1090635 33.4675497,-112.0915009 33.4633006)",702
2,v,5398,3027,,,1,2,"LINESTRING(-112.1069109 33.4666035,-112.0965481 33.4668747)",800
3,v,5690,4178,,,1,2,"LINESTRING(-112.1066828 33.4674028,-112.0912329 33.46617)",727
4,v,3769,268,,41647547,1,2,"LINESTRING(-112.1039006 33.4671791,-112.0859215 33.467669)",754
5,v,3578,5309,,,1,2,"LINESTRING(-112.1125503 33.4678938,-112.0880369 33.4655896)",759
6,v,5412,430,,41784909,1,3,"LINESTRING(-112.113314 33.465684,-112.0802848 33.4667768)",800
7,v,3776,5641,,,1,3,"LINESTRING(-112.1038392 33.4671262,-112.0773791 33.4678473)",706
8,v,4551,5315,,,1,3,"LINESTRING(-112.0987697 33.46386,-112.0790742 33.4634964)",754
9,v,4241,5624,,,1,3,"LINESTRING(-112.1045671 33.4661587,-112.0773737 33.4669665)",739
10,v,4842,4996,,,1,3,"LINESTRING(-112.097984 33.464554,-112.0792647 33.4643433)",707
11,v,5189,5161,,,1,3,"LINESTRING(-112.0993853 33.4637145,-112.0797118 33.4652238)",712
12,v,3767,2822,,,1,3,"LINESTRING(-112.103838 33.4671798,-112.0637996 33.4641266)",728
13,v,5860,5151,,,1,3,"LINESTRING(-112.1066443 33.4661858,-112.0786705 33.4642066)",722
14,v,5686,4592,,,1,3,"LINESTRING(-112.1099275 33.467783,-112.0790084 33.4652238)",704
15,v,5685,5650,,,1,3,"LINESTRING(-112.1095641 33.4677369,-112.0769687 33.4674356)",747
16,v,5683,5667,,,1,4,"LINESTRING(-112.1088686 33.4678121,-112.0599584 33.4661019)",732
17,v,5689,479,,41836299,1,4,"LINESTRING(-112.1068813 33.4674502,-112.0477244 33.4637633)",705
18,v,5310,2820,,,1,4,"LINESTRING(-112.0989346 33.4638779,-112.0602293 33.4639146)",740
19,v,5417,2848,,,1,4,"LINESTRING(-112.0988199 33.4654295,-112.0470506 33.4654945)",800
20,v,3576,679,,42512287,1,4,"LINESTRING(-112.1143212 33.4663584,-112.0542547 33.463653)",732
21,v,5310,2928,,,1,4,"LINESTRING(-112.0989346 33.4638779,-112.0466419 33.4660543)",759
22,v,3771,2825,,,1,4,"LINESTRING(-112.1040521 33.4671858,-112.0624964 33.4653846)",711
23,v,5682,2904,,,1,4,"LINESTRING(-112.1090635 33.4675497,-112.0502962 33.4640494)",728
24,v,3777,2853,,,1,5,"LINESTRING(-112.1038428 33.4673012,-112.0408889 33.463507)",745
25,v,4992,2890,,,1,5,"LINESTRING(-112.0981609 33.4653341,-112.0401726 33.464519)",726
26,v,4540,2975,,,1,5,"LINESTRING(-112.0988811 33.4643277,-112.0400289 33.4633254)",743
27,v,4503,5764,,,1,5,"LINESTRING(-112.0984532 33.463691,-112.0323763 33.467396)",722
28,v,4226,3102,,,1,6,"LINESTRING(-112.1013665 33.4659888,-112.1108979 33.4590763)",702
29,v,5396,3101,,,1,6,"LINESTRING(-112.1060243 33.4663266,-112.1129028 33.4602551)",759
30,v,3069,5833,,,1,6,"LINESTRING(-112.1027684 33.4667472,-112.1108984 33.4595914)",706
31,v,5411,517,,41934830,1,7,"LINESTRING(-112.1147226 33.4648812,-112.0956018 33.4613137)",758
32,v,3106,677,,42498631,1,7,"LINESTRING(-112.0995716 33.4642305,-112.093475 33.4595486)",712
33,v,3766,4898,,,1,7,"LINESTRING(-112.1038986 33.4673357,-112.0842814 33.4629762)",709
34,v,3782,5191,,,1,7,"LINESTRING(-112.1040034 33.4671453,-112.0925748 33.4624679)",705
35,v,5694,3529,,,1,8,"LINESTRING(-112.1046622 33.4679349,-112.0704939 33.4607589)",741
36,v,5685,2597,,,1,8,"LINESTRING(-112.1095641 33.4677369,-112.0656886 33.4596893)",730
37,v,4628,2605,,,1,8,"LINESTRING(-112.0982976 33.4641654,-112.066228 33.4594165)",740
38,v,3784,3683,,,1,8,"LINESTRING(-112.1040049 33.4673699,-112.0785709 33.4594022)",727
39,v,5688,5293,,,1,8,"LINESTRING(-112.1071879 33.4674243,-112.0797131 33.463071)",708
40,v,4688,4572,,,1,8,"LINESTRING(-112.098598 33.4638141,-112.0756782 33.4628933)",748
41,v,5414,2789,,,1,9,"LINESTRING(-112.1140348 33.4657575,-112.0469798 33.4631922)",728
42,v,5412,681,,42512463,1,9,"LINESTRING(-112.113314 33.465684,-112.054272 33.4609771)",740
43,v,3034,2737,,,1,10,"LINESTRING(-112.0996412 33.4666016,-112.0418539 33.4630115)",724
44,v,3570,2680,,,1,10,"LINESTRING(-112.1088432 33.4664598,-112.0452904 33.4630261)",720
45,v,3781,3076,,,1,11,"LINESTRING(-112.1040055 33.4672985,-112.1016021 33.4567435)",726
46,v,3767,4064,,,1,11,"LINESTRING(-112.103838 33.4671798,-112.1041753 33.4560218)",717
47,v,3779,3130,,,1,11,"LINESTRING(-112.1038431 33.4672653,-112.0996349 33.4552371)",706
48,v,3790,4061,,,1,11,"LINESTRING(-112.1038433 33.4673714,-112.1056125 33.4552708)",746
49,v,4736,2089,,,1,11,"LINESTRING(-112.0989945 33.463825,-112.1108548 33.4559871)",716
50,v,5413,4051,,,1,11,"LINESTRING(-112.1132489 33.465571,-112.1054089 33.4570444)",727
51,v,4540,4066,,,1,11,"LINESTRING(-112.0988811 33.4643277,-112.1038128 33.4556448)",708
52,v,5417,4059,,,1,11,"LINESTRING(-112.0988199 33.4654295,-112.1049156 33.4552262)",746
53,v,5417,2447,,,1,12,"LINESTRING(-112.0988199 33.4654295,-112.0904677 33.4563689)",731
54,v,3764,3077,,,1,12,"LINESTRING(-112.103843 33.4673354,-112.0968663 33.4570429)",748
55,v,3067,5378,,,1,12,"LINESTRING(-112.1039223 33.4666694,-112.0910706 33.4538414)",718
56,v,3569,3072,,,1,12,"LINESTRING(-112.1081873 33.4664204,-112.09638 33.4566045)",740
57,v,4707,1488,,3074538202,1,12,"LINESTRING(-112.0995068 33.4646519,-112.0870523 33.4551786)",718
58,v,3775,2281,,,1,13,"LINESTRING(-112.1038373 33.4670704,-112.0722575 33.4557318)",712
59,v,5679,5601,,,1,13,"LINESTRING(-112.1046447 33.4655543,-112.0734044 33.45571)",743
60,v,3090,4016,,,1,13,"LINESTRING(-112.1016154 33.4664265,-112.0741214 33.4545827)",758
61,v,3778,4019,,,1,13,"LINESTRING(-112.1040043 33.4671029,-112.0793053 33.4548037)",720
62,v,3100,3324,,,1,13,"LINESTRING(-112.111713 33.4664637,-112.0684072 33.4579423)",750
63,v,5310,4213,,,1,13,"LINESTRING(-112.0989346 33.4638779,-112.0779775 33.4539615)",754
64,v,3767,2328,,,1,13,"LINESTRING(-112.103838 33.4671798,-112.0785933 33.4559417)",738
65,v,3768,224,,41621514,1,13,"LINESTRING(-112.104006 33.4673353,-112.0687252 33.4565842)",725
66,v,3034,450,,41804910,1,14,"LINESTRING(-112.0996412 33.4666016,-112.058964 33.4558103)",726
67,v,5684,1609,,4146351293,1,15,"LINESTRING(-112.109675 33.4675616,-112.0433373 33.4560695)",716
68,v,3068,174,,41608911,1,15,"LINESTRING(-112.1020259 33.4663763,-112.0455822 33.4550775)",743
69,v,5685,542,,42005037,1,16,"LINESTRING(-112.1095641 33.4677369,-112.1088106 33.4501963)",723
70,v,4769,1514,,3318097980,1,16,"LINESTRING(-112.0986007 33.4636653,-112.10445 33.4491734)",718
71,v,4712,2369,,,1,16,"LINESTRING(-112.0987831 33.4634935,-112.0984282 33.4517358)",735
72,v,5403,3866,,,1,16,"LINESTRING(-112.1121362 33.4657943,-112.1002083 33.4508218)",750
73,v,4953,3870,,,1,16,"LINESTRING(-112.0987791 33.4636597,-112.1013434 33.4520888)",713
74,v,5695,3974,,,1,17,"LINESTRING(-112.1048305 33.467934,-112.0844688 33.4526515)",708
75,v,3787,2460,,,1,17,"LINESTRING(-112.1040534 33.4672988,-112.097681 33.4514728)",728
76,v,3068,3929,,,1,17,"LINESTRING(-112.1020259 33.4663763,-112.0810999 33.453286)",713
77,v,3772,4110,,,1,17,"LINESTRING(-112.1040528 33.4672635,-112.0951387 33.4512289)",751
78,v,5403,4405,,,1,17,"LINESTRING(-112.1121362 33.4657943,-112.0949013 33.4496687)",736
79,v,5236,2429,,,1,17,"LINESTRING(-112.099404 33.4638488,-112.083872 33.4512241)",733
80,v,3779,4100,,,1,17,"LINESTRING(-112.1038431 33.4672653,-112.091109 33.4534585)",736
81,v,4712,5372,,,1,17,"LINESTRING(-112.0987831 33.4634935,-112.0910234 33.4527759)",756
82,v,5400,4031,,,1,17,"LINESTRING(-112.1068878 33.4662659,-112.096936 33.4510017)",722
83,v,3780,3515,,,1,18,"LINESTRING(-112.1038985 33.4673015,-112.0790165 33.4499307)",744
84,v,3773,3230,,,1,18,"LINESTRING(-112.1040042 33.4671864,-112.0770393 33.4524003)",731
85,v,5687,1067,,986255669,1,18,"LINESTRING(-112.1081927 33.467551,-112.0789177 33.4498612)",702
86,v,4803,4165,,,1,18,"LINESTRING(-112.09859 33.4639148,-112.0639223 33.4504577)",739
87,v,3774,2262,,,1,18,"LINESTRING(-112.1040049 33.4672631,-112.0729277 33.4504504)",705
88,v,3069,3940,,,1,18,"LINESTRING(-112.1027684 33.4667472,-112.0784887 33.4533011)",717
89,v,5396,2199,,,1,18,"LINESTRING(-112.1060243 33.4663266,-112.0682432 33.4508857)",733
90,v,3775,235,,41634707,1,18,"LINESTRING(-112.1038373 33.4670704,-112.0662514 33.4493804)",747
91,v,5408,2617,,,1,18,"LINESTRING(-112.1144971 33.463888,-112.0688601 33.4523744)",721
92,v,3782,2095,,,1,18,"LINESTRING(-112.1040034 33.4671453,-112.0660008 33.4506593)",759
93,v,5404,957,,331932699,1,18,"LINESTRING(-112.1147335 33.4633009,-112.0751066 33.4493258)",758
94,v,4551,2618,,,1,18,"LINESTRING(-112.0987697 33.46386,-112.069296 33.4527307)",730
95,v,3769,155,,41607952,1,18,"LINESTRING(-112.1039006 33.4671791,-112.0725514 33.4513806)",726
96,v,4227,1970,,5314024602,1,19,"LINESTRING(-112.0998234 33.4667243,-112.0598398 33.4500893)",756
97,v,5310,5843,,,1,19,"LINESTRING(-112.0989346 33.4638779,-112.0572929 33.4502252)",752
98,v,4227,234,,41634702,1,19,"LINESTRING(-112.0998234 33.4667243,-112.06015 33.4492209)",704
99,v,4707,3451,,,1,20,"LINESTRING(-112.0995068 33.4646519,-112.0314777 33.4501391)",727
100,v,3788,2353,,,1,21,"LINESTRING(-112.1040514 33.4671447,-112.0992321 33.4488883)",746
101,v,3762,5545,,,1,21,"LINESTRING(-112.103899 33.4673716,-112.1091805 33.4477855)",730
102,v,4551,5527,,,1,21,"LINESTRING(-112.0987697 33.46386,-112.1100018 33.4472377)",743
103,v,3078,5551,,,1,21,"LINESTRING(-112.1004652 33.463993,-112.1119865 33.447787)",720
104,v,3577,4418,,,1,21,"LINESTRING(-112.1126029 33.4653188,-112.0977878 33.4488769)",741
105,v,3569,5488,,,1,21,"LINESTRING(-112.1081873 33.4664204,-112.112477 33.446669)",750
106,v,5406,3958,,,1,22,"LINESTRING(-112.1148538 33.4635136,-112.0920604 33.4482737)",709
107,v,5396,2203,,,1,22,"LINESTRING(-112.1060243 33.4663266,-112.0818066 33.4455201)",757
108,v,4736,5440,,,1,22,"LINESTRING(-112.0989945 33.463825,-112.087239 33.446236)",719
109,v,5682,3566,,,1,22,"LINESTRING(-112.1090635 33.4675497,-112.0947203 33.4462945)",712
110,v,4785,3958,,,1,22,"LINESTRING(-112.0987522 33.4632726,-112.0920604 33.4482737)",759
111,v,5860,2071,,,1,22,"LINESTRING(-112.1066443 33.4661858,-112.0864804 33.4487832)",733
112,v,3786,3793,,,1,22,"LINESTRING(-112.1040031 33.4670623,-112.0935492 33.448097)",729
113,v,4228,465,,41812035,1,22,"LINESTRING(-112.1001792 33.4651807,-112.0869714 33.4450985)",720
114,v,3768,3004,,,1,22,"LINESTRING(-112.104006 33.4673353,-112.08292 33.4455197)",756
115,v,3784,3828,,,1,23,"LINESTRING(-112.1040049 33.4673699,-112.0795717 33.4468451)",723
116,v,5694,2614,,,1,23,"LINESTRING(-112.1046622 33.4679349,-112.0716875 33.4485708)",730
117,v,5017,2225,,,1,23,"LINESTRING(-112.098588 33.463479,-112.0732057 33.4486508)",719
118,v,3082,3824,,,1,23,"LINESTRING(-112.1044327 33.4678013,-112.0795677 33.446432)",753
119,v,3082,3823,,,1,23,"LINESTRING(-112.1044327 33.4678013,-112.0796204 33.4467484)",728
120,v,3570,2097,,,1,23,"LINESTRING(-112.1088432 33.4664598,-112.0741007 33.4457798)",751
121,v,3090,3134,,,1,23,"LINESTRING(-112.1016154 33.4664265,-112.0717649 33.4485536)",711
122,v,5400,1273,,1556606397,1,23,"LINESTRING(-112.1068878 33.4662659,-112.0789418 33.4450375)",704
123,v,3779,3135,,,1,23,"LINESTRING(-112.1038431 33.4672653,-112.0714359 33.448477)",719
124,v,4241,2504,,,1,23,"LINESTRING(-112.1045671 33.4661587,-112.0643861 33.4466871)",724
125,v,3067,4091,,,1,23,"LINESTRING(-112.1039223 33.4666694,-112.079317 33.4453373)",703
126,v,5416,3847,,,1,23,"LINESTRING(-112.1139941 33.4642718,-112.0782591 33.447626)",722
127,v,3069,2365,,,1,23,"LINESTRING(-112.1027684 33.4667472,-112.0731141 33.4479416)",721
128,v,3090,4194,,,1,24,"LINESTRING(-112.1016154 33.4664265,-112.048416 33.4487466)",708
129,v,4736,3703,,,1,24,"LINESTRING(-112.0989945 33.463825,-112.0578354 33.4475229)",753
130,v,5414,190,,41609634,1,24,"LINESTRING(-112.1140348 33.4657575,-112.0564403 33.4461329)",732
131,v,4953,4191,,,1,24,"LINESTRING(-112.0987791 33.4636597,-112.0485806 33.4487705)",757
132,v,5403,3473,,,1,24,"LINESTRING(-112.1121362 33.4657943,-112.058113 33.4449454)",725
133,v,3782,3017,,,1,25,"LINESTRING(-112.1040034 33.4671453,-112.0435896 33.4446374)",727
134,v,3068,3406,,,1,25,"LINESTRING(-112.1020259 33.4663763,-112.0397089 33.4486381)",741
135,v,5417,1928,,5208264853,1,27,"LINESTRING(-112.0988199 33.4654295,-112.1149608 33.449111)",745
136,v,4540,978,,361601090,1,27,"LINESTRING(-112.0988811 33.4643277,-112.1134068 33.45296)",702
137,v,4551,978,,361601090,1,27,"LINESTRING(-112.0987697 33.46386,-112.1134068 33.45296)",741
138,v,5398,978,,361601090,1,27,"LINESTRING(-112.1069109 33.4666035,-112.1134068 33.45296)",736
139,v,3788,701,,42604632,1,27,"LINESTRING(-112.1040514 33.4671447,-112.1147779 33.4501585)",745
140,v,4688,701,,42604632,1,27,"LINESTRING(-112.098598 33.4638141,-112.1147779 33.4501585)",751
141,v,5688,1928,,5208264853,1,27,"LINESTRING(-112.1071879 33.4674243,-112.1149608 33.449111)",715
142,v,3575,701,,42604632,1,27,"LINESTRING(-112.1140264 33.4655646,-112.1147779 33.4501585)",731
143,v,5691,20,,41500699,1,27,"LINESTRING(-112.106694 33.4676417,-112.1122864 33.4526449)",756
144,v,3772,20,,41500699,1,27,"LINESTRING(-112.1040528 33.4672635,-112.1122864 33.4526449)",755
145,v,3773,1982,,5689426834,1,27,"LINESTRING(-112.1040042 33.4671864,-112.1149153 33.4511114)",711
146,v,3780,701,,42604632,1,27,"LINESTRING(-112.1038985 33.4673015,-112.1147779 33.4501585)",710
147,v,3769,988,,368354362,1,29,"LINESTRING(-112.1039006 33.4671791,-112.1148884 33.4614758)",710
148,v,3768,988,,368354362,1,29,"LINESTRING(-112.104006 33.4673353,-112.1148884 33.4614758)",710
149,v,5860,988,,368354362,1,29,"LINESTRING(-112.1066443 33.4661858,-112.1148884 33.4614758)",724
150,v,3788,988,,368354362,1,29,"LINESTRING(-112.1040514 33.4671447,-112.1148884 33.4614758)",800
151,v,5413,979,,368354300,1,29,"LINESTRING(-112.1132489 33.465571,-112.1142742 33.4620329)",800
152,v,4226,988,,368354362,1,29,"LINESTRING(-112.1013665 33.4659888,-112.1148884 33.4614758)",721
153,v,3106,985,,368354317,1,29,"LINESTRING(-112.0995716 33.4642305,-112.1149178 33.4616845)",710
154,v,3576,988,,368354362,1,29,"LINESTRING(-112.1143212 33.4663584,-112.1148884 33.4614758)",758
155,v,5288,1484,,3073027834,1,31,"LINESTRING(-112.0989521 33.4632603,-112.1008577 33.4667383)",725
156,v,5415,998,,368354446,1,31,"LINESTRING(-112.1137297 33.4642832,-112.1105982 33.4676586)",732
157,v,3788,1044,,369002396,1,31,"LINESTRING(-112.1040514 33.4671447,-112.1099122 33.466706)",758
158,v,3788,813,,256635418,1,31,"LINESTRING(-112.1040514 33.4671447,-112.1032672 33.4590087)",727
159,v,3770,991,,368354403,1,31,"LINESTRING(-112.1040539 33.4673357,-112.110757 33.4675609)",719
160,v,5415,1482,,3073027832,1,31,"LINESTRING(-112.1137297 33.4642832,-112.100973 33.4666368)",748
161,v,4235,1044,,369002396,1,31,"LINESTRING(-112.0996237 33.4634681,-112.1099122 33.466706)",712
162,v,5686,1044,,369002396,1,31,"LINESTRING(-112.1099275 33.467783,-112.1099122 33.466706)",715
163,v,5687,1044,,369002396,1,31,"LINESTRING(-112.1081927 33.467551,-112.1099122 33.466706)",720
164,v,4241,998,,368354446,1,31,"LINESTRING(-112.1045671 33.4661587,-112.1105982 33.4676586)",732
165,v,4821,1482,,3073027832,1,31,"LINESTRING(-112.0985834 33.4637416,-112.100973 33.4666368)",723
166,v,4785,813,,256635418,1,31,"LINESTRING(-112.0987522 33.4632726,-112.1032672 33.4590087)",736
167,v,5402,1044,,369002396,1,31,"LINESTRING(-112.1076551 33.4662966,-112.1099122 33.466706)",702
168,v,4240,1482,,3073027832,1,31,"LINESTRING(-112.1048611 33.4666073,-112.100973 33.4666368)",755
169,v,3784,1484,,3073027834,1,31,"LINESTRING(-112.1040049 33.4673699,-112.1008577 33.4667383)",738
170,v,3774,1044,,369002396,1,31,"LINESTRING(-112.1040049 33.4672631,-112.1099122 33.466706)",756
171,v,5692,991,,368354403,1,31,"LINESTRING(-112.1072872 33.4676447,-112.110757 33.4675609)",726
172,v,3849,1044,,369002396,1,31,"LINESTRING(-112.099612 33.4651313,-112.1099122 33.466706)",731
173,v,5679,1482,,3073027832,1,31,"LINESTRING(-112.1046447 33.4655543,-112.100973 33.4666368)",752
174,v,3033,1044,,369002396,1,31,"LINESTRING(-112.0983912 33.4666033,-112.1099122 33.466706)",712
175,v,4540,1557,,3608483504,1,31,"LINESTRING(-112.0988811 33.4643277,-112.0995771 33.4623303)",717
176,v,3069,1557,,3608483504,1,31,"LINESTRING(-112.1027684 33.4667472,-112.0995771 33.4623303)",748
177,v,5415,1482,,3073027832,1,31,"LINESTRING(-112.1137297 33.4642832,-112.100973 33.4666368)",706
178,v,5417,1557,,3608483504,1,31,"LINESTRING(-112.0988199 33.4654295,-112.0995771 33.4623303)",726
179,v,5024,813,,256635418,1,31,"LINESTRING(-112.099289 33.4646571,-112.1032672 33.4590087)",716
180,v,5403,998,,368354446,1,31,"LINESTRING(-112.1121362 33.4657943,-112.1105982 33.4676586)",710
181,v,5687,998,,368354446,1,31,"LINESTRING(-112.1081927 33.467551,-112.1105982 33.4676586)",800
182,v,3849,1081,,1256308228,1,32,"LINESTRING(-112.099612 33.4651313,-112.0829925 33.4597321)",718
183,v,3106,1055,,415980575,1,32,"LINESTRING(-112.0995716 33.4642305,-112.0847767 33.4678986)",715
184,v,5017,1055,,415980575,1,32,"LINESTRING(-112.098588 33.463479,-112.0847767 33.4678986)",725
185,v,3764,1070,,1006431220,1,32,"LINESTRING(-112.103843 33.4673354,-112.093798 33.4663017)",710
186,v,3783,1551,,3604246915,1,32,"LINESTRING(-112.1040522 33.4671024,-112.0848837 33.4601471)",755
187,v,4284,779,,256544450,1,32,"LINESTRING(-112.0982807 33.4660073,-112.0934461 33.4613804)",747
188,v,4241,1551,,3604246915,1,32,"LINESTRING(-112.1045671 33.4661587,-112.0848837 33.4601471)",751
189,v,3777,1121,,1433207013,1,32,"LINESTRING(-112.1038428 33.4673012,-112.0949827 33.4669597)",727
190,v,4540,1081,,1256308228,1,32,"LINESTRING(-112.0988811 33.4643277,-112.0829925 33.4597321)",749
191,v,5416,1081,,1256308228,1,32,"LINESTRING(-112.1139941 33.4642718,-112.0829925 33.4597321)",754
192,v,4284,1551,,3604246915,1,32,"LINESTRING(-112.0982807 33.4660073,-112.0848837 33.4601471)",734
193,v,3775,1551,,3604246915,1,32,"LINESTRING(-112.1038373 33.4670704,-112.0848837 33.4601471)",747
194,v,5054,1551,,3604246915,1,32,"LINESTRING(-112.0980722 33.4637785,-112.0848837 33.4601471)",723
195,v,5692,1121,,1433207013,1,32,"LINESTRING(-112.1072872 33.4676447,-112.0949827 33.4669597)",713
196,v,4707,1552,,3604246917,1,32,"LINESTRING(-112.0995068 33.4646519,-112.0848336 33.4601487)",724
197,v,3069,1551,,3604246915,1,32,"LINESTRING(-112.1027684 33.4667472,-112.0848837 33.4601471)",736
198,v,5404,1551,,3604246915,1,32,"LINESTRING(-112.1147335 33.4633009,-112.0848837 33.4601471)",734
199,v,5396,779,,256544450,1,32,"LINESTRING(-112.1060243 33.4663266,-112.0934461 33.4613804)",719
200,v,5412,1551,,3604246915,1,32,"LINESTRING(-112.113314 33.465684,-112.0848837 33.4601471)",800
201,v,3765,1101,,1340574572,1,32,"LINESTRING(-112.1040529 33.4673703,-112.0891259 33.4678819)",718
202,v,3771,1434,,2634744948,1,33,"LINESTRING(-112.1040521 33.4671858,-112.0736469 33.4679854)",717
203,v,3789,1434,,2634744948,1,33,"LINESTRING(-112.104051 33.4670618,-112.0736469 33.4679854)",744
204,v,5691,1434,,2634744948,1,33,"LINESTRING(-112.106694 33.4676417,-112.0736469 33.4679854)",723
205,v,4712,1234,,1513752524,1,34,"LINESTRING(-112.0987831 33.4634935,-112.0607566 33.4677102)",721
206,v,5124,1999,,5899440306,1,34,"LINESTRING(-112.0996077 33.4637415,-112.0466604 33.4679776)",738
207,v,3774,682,,42512467,1,34,"LINESTRING(-112.1040049 33.4672631,-112.0542711 33.4613908)",722
208,v,3773,1234,,1513752524,1,34,"LINESTRING(-112.1040042 33.4671864,-112.0607566 33.4677102)",744
209,v,5288,396,,41734367,1,34,"LINESTRING(-112.0989521 33.4632603,-112.0531468 33.4604954)",758
210,v,3067,532,,41981692,1,34,"LINESTRING(-112.1039223 33.4666694,-112.0520551 33.4614049)",735
211,v,5416,1999,,5899440306,1,34,"LINESTRING(-112.1139941 33.4642718,-112.0466604 33.4679776)",734
212,v,3067,1999,,5899440306,1,34,"LINESTRING(-112.1039223 33.4666694,-112.0466604 33.4679776)",739
213,v,3078,396,,41734367,1,34,"LINESTRING(-112.1004652 33.463993,-112.0531468 33.4604954)",734
214,v,3034,1234,,1513752524,1,34,"LINESTRING(-112.0996412 33.4666016,-112.0607566 33.4677102)",725
215,v,3078,1234,,1513752524,1,34,"LINESTRING(-112.1004652 33.463993,-112.0607566 33.4677102)",745
216,v,5402,757,,256537325,1,34,"LINESTRING(-112.1076551 33.4662966,-112.0480708 33.4628075)",716
217,v,5396,1234,,1513752524,1,34,"LINESTRING(-112.1060243 33.4663266,-112.0607566 33.4677102)",728
218,v,3576,1999,,5899440306,1,34,"LINESTRING(-112.1143212 33.4663584,-112.0466604 33.4679776)",717
219,v,3067,1062,,795892743,1,35,"LINESTRING(-112.1039223 33.4666694,-112.0381151 33.4677493)",717
220,v,5860,761,,256541144,1,35,"LINESTRING(-112.1066443 33.4661858,-112.0387074 33.4671679)",756
221,v,5288,556,,42031058,1,35,"LINESTRING(-112.0989521 33.4632603,-112.0411798 33.4608907)",746
222,v,4540,1062,,795892743,1,35,"LINESTRING(-112.0988811 33.4643277,-112.0381151 33.4677493)",724
223,v,4240,1062,,795892743,1,35,"LINESTRING(-112.1048611 33.4666073,-112.0381151 33.4677493)",758
224,v,3785,761,,256541144,1,35,"LINESTRING(-112.1038987 33.4672655,-112.0387074 33.4671679)",749
225,v,3772,1062,,795892743,1,35,"LINESTRING(-112.1040528 33.4672635,-112.0381151 33.4677493)",736
226,v,3570,129,,41594694,1,35,"LINESTRING(-112.1088432 33.4664598,-112.0400212 33.4595742)",706
227,v,3776,2037,,8389406267,1,36,"LINESTRING(-112.1038392 33.4671262,-112.0296098 33.4639983)",733
228,v,4628,2037,,8389406267,1,36,"LINESTRING(-112.0982976 33.4641654,-112.0296098 33.4639983)",756
229,v,3768,647,,42365691,1,37,"LINESTRING(-112.104006 33.4673353,-112.035827 33.4599454)",704
230,v,3771,755,,256536787,1,37,"LINESTRING(-112.1040521 33.4671858,-112.0295385 33.4616251)",722
231,v,4736,875,,330544422,1,37,"LINESTRING(-112.0989945 33.463825,-112.029595 33.4621728)",739
232,v,4688,755,,256536787,1,37,"LINESTRING(-112.098598 33.4638141,-112.0295385 33.4616251)",750
233,v,3765,877,,330544770,1,37,"LINESTRING(-112.1040529 33.4673703,-112.029594 33.4619311)",735
234,v,3028,876,,330544538,1,37,"LINESTRING(-112.0996416 33.4669436,-112.0295938 33.4621056)",739
235,v,3090,1964,,5235214674,1,37,"LINESTRING(-112.1016154 33.4664265,-112.0294535 33.4625236)",723
236,v,3569,647,,42365691,1,37,"LINESTRING(-112.1081873 33.4664204,-112.035827 33.4599454)",742
237,v,3762,221,,41619392,1,37,"LINESTRING(-112.103899 33.4673716,-112.0328199 33.4593451)",758
238,v,5404,647,,42365691,1,37,"LINESTRING(-112.1147335 33.4633009,-112.035827 33.4599454)",702
239,v,3574,623,,42320431,1,37,"LINESTRING(-112.1141886 33.4671721,-112.0346668 33.4605386)",753
240,v,3769,198,,41610745,1,38,"LINESTRING(-112.1039006 33.4671791,-112.0295097 33.4564018)",741
241,v,4785,506,,41913606,1,38,"LINESTRING(-112.0987522 33.4632726,-112.0385863 33.4560555)",719
242,v,4992,198,,41610745,1,38,"LINESTRING(-112.0981609 33.4653341,-112.0295097 33.4564018)",749
243,v,3771,214,,41610848,1,38,"LINESTRING(-112.1040521 33.4671858,-112.0383622 33.4552098)",748
244,v,3078,638,,42354850,1,38,"LINESTRING(-112.1004652 33.463993,-112.0385005 33.4540576)",752
245,v,3775,214,,41610848,1,38,"LINESTRING(-112.1038373 33.4670704,-112.0383622 33.4552098)",748
246,v,4240,638,,42354850,1,38,"LINESTRING(-112.1048611 33.4666073,-112.0385005 33.4540576)",711
247,v,4226,219,,41619277,1,38,"LINESTRING(-112.1013665 33.4659888,-112.0333887 33.4571559)",800
248,v,4785,1998,,5873668831,1,39,"LINESTRING(-112.0987522 33.4632726,-112.0300361 33.449305)",733
249,v,4837,1997,,5873668828,1,39,"LINESTRING(-112.0989333 33.4633979,-112.0300186 33.4503185)",714
250,v,5694,1997,,5873668828,1,39,"LINESTRING(-112.1046622 33.4679349,-112.0300186 33.4503185)",740
251,v,3028,1996,,5873668827,1,40,"LINESTRING(-112.0996416 33.4669436,-112.0298409 33.4481543)",734
252,v,3773,1975,,5505959770,1,40,"LINESTRING(-112.1040042 33.4671864,-112.029961 33.4454004)",726
253,v,3761,1219,,1506976597,1,40,"LINESTRING(-112.1038998 33.4671243,-112.0300241 33.4483157)",745
254,v,3772,1975,,5505959770,1,40,"LINESTRING(-112.1040528 33.4672635,-112.029961 33.4454004)",729
255,v,3577,1127,,1498066545,1,40,"LINESTRING(-112.1126029 33.4653188,-112.029999 33.4471207)",713
256,v,4239,1127,,1498066545,1,40,"LINESTRING(-112.108379 33.4657758,-112.029999 33.4471207)",730
257,v,5404,1975,,5505959770,1,40,"LINESTRING(-112.1147335 33.4633009,-112.029961 33.4454004)",756
258,v,5685,824,,317501014,1,41,"LINESTRING(-112.1095641 33.4677369,-112.0381998 33.4446308)",736
259,v,5407,1220,,1509313082,1,41,"LINESTRING(-112.1144906 33.4633816,-112.0300366 33.4444743)",747
260,v,5408,1377,,2065989521,1,41,"LINESTRING(-112.1144971 33.463888,-112.0304452 33.4441167)",712
261,v,3849,189,,41609631,1,41,"LINESTRING(-112.099612 33.4651313,-112.0384356 33.4463204)",725
262,v,4785,1220,,1509313082,1,41,"LINESTRING(-112.0987522 33.4632726,-112.0300366 33.4444743)",731
263,v,3775,358,,41706295,1,41,"LINESTRING(-112.1038373 33.4670704,-112.0381663 33.4504551)",734
264,v,4785,1322,,1617172028,1,41,"LINESTRING(-112.0987522 33.4632726,-112.0306563 33.4440227)",755
265,v,3069,1420,,2454300614,1,41,"LINESTRING(-112.1027684 33.4667472,-112.0303108 33.4440166)",737
266,v,5694,245,,41634737,1,41,"LINESTRING(-112.1046622 33.4679349,-112.0383119 33.4494523)",743
267,v,5407,823,,317500993,1,41,"LINESTRING(-112.1144906 33.4633816,-112.0378179 33.4446819)",733
268,v,5410,824,,317501014,1,41,"LINESTRING(-112.1144809 33.4644469,-112.0381998 33.4446308)",715
269,v,5399,189,,41609631,1,41,"LINESTRING(-112.1070373 33.4662602,-112.0384356 33.4463204)",800
270,v,3770,189,,41609631,1,41,"LINESTRING(-112.1040539 33.4673357,-112.0384356 33.4463204)",733
271,v,5692,823,,317500993,1,41,"LINESTRING(-112.1072872 33.4676447,-112.0378179 33.4446819)",720
272,v,5405,791,,256632296,1,41,"LINESTRING(-112.1147765 33.4635137,-112.0371312 33.4447553)",724
273,v,4226,1220,,1509313082,1,41,"LINESTRING(-112.1013665 33.4659888,-112.0300366 33.4444743)",734
274,v,3778,355,,41706288,1,41,"LINESTRING(-112.1040043 33.4671029,-112.0420635 33.4504603)",744
275,v,3090,827,,317501416,1,41,"LINESTRING(-112.1016154 33.4664265,-112.0387017 33.4453497)",732
276,v,3078,827,,317501416,1,41,"LINESTRING(-112.1004652 33.463993,-112.0387017 33.4453497)",755
277,v,4239,1322,,1617172028,1,41,"LINESTRING(-112.108379 33.4657758,-112.0306563 33.4440227)",714
278,v,4821,1315,,1617171540,1,41,"LINESTRING(-112.0985834 33.4637416,-112.0369377 33.444417)",749
279,v,4736,1518,,3348364846,1,41,"LINESTRING(-112.0989945 33.463825,-112.0300272 33.4440793)",749
280,v,3774,1496,,3098207673,1,42,"LINESTRING(-112.1040049 33.4672631,-112.0477205 33.4459586)",758
281,v,4892,1300,,1556659504,1,42,"LINESTRING(-112.0990943 33.4647681,-112.0495247 33.4527238)",720
282,v,4620,1114,,1404179916,1,42,"LINESTRING(-112.0990334 33.4637361,-112.0622064 33.4498243)",800
283,v,5691,1967,,5314024581,1,42,"LINESTRING(-112.106694 33.4676417,-112.0601577 33.4491216)",745
284,v,5054,1114,,1404179916,1,42,"LINESTRING(-112.0980722 33.4637785,-112.0622064 33.4498243)",755
285,v,3771,1496,,3098207673,1,42,"LINESTRING(-112.1040521 33.4671858,-112.0477205 33.4459586)",710
286,v,5860,1967,,5314024581,1,42,"LINESTRING(-112.1066443 33.4661858,-112.0601577 33.4491216)",718
287,v,3100,1300,,1556659504,1,42,"LINESTRING(-112.111713 33.4664637,-112.0495247 33.4527238)",732
288,v,3577,1448,,2980247528,1,43,"LINESTRING(-112.1126029 33.4653188,-112.0652274 33.4449246)",708
289,v,4239,1379,,2128508196,1,43,"LINESTRING(-112.108379 33.4657758,-112.0699357 33.4449505)",722
290,v,5400,1914,,5158504193,1,43,"LINESTRING(-112.1068878 33.4662659,-112.0738379 33.4450102)",749
291,v,3100,1913,,5158504191,1,43,"LINESTRING(-112.111713 33.4664637,-112.0737842 33.4450136)",731
292,v,3778,1448,,2980247528,1,43,"LINESTRING(-112.1040043 33.4671029,-112.0652274 33.4449246)",736
293,v,5689,1592,,3899282697,1,43,"LINESTRING(-112.1068813 33.4674502,-112.0741326 33.4450053)",705
294,v,5693,1592,,3899282697,1,43,"LINESTRING(-112.1059428 33.4678617,-112.0741326 33.4450053)",747
295,v,3569,1592,,3899282697,1,43,"LINESTRING(-112.1081873 33.4664204,-112.0741326 33.4450053)",727
296,v,5690,1913,,5158504191,1,43,"LINESTRING(-112.1066828 33.4674028,-112.0737842 33.4450136)",743
297,v,3090,1592,,3899282697,1,43,"LINESTRING(-112.1016154 33.4664265,-112.0741326 33.4450053)",720
298,v,5398,1860,,4606463465,1,44,"LINESTRING(-112.1069109 33.4666035,-112.0937777 33.4450031)",751
299,v,3788,1917,,5158663816,1,44,"LINESTRING(-112.1040514 33.4671447,-112.0958468 33.4453458)",755
300,v,3761,1860,,4606463465,1,44,"LINESTRING(-112.1038998 33.4671243,-112.0937777 33.4450031)",735
301,v,3028,1860,,4606463465,1,44,"LINESTRING(-112.0996416 33.4669436,-112.0937777 33.4450031)",735
302,v,5404,1917,,5158663816,1,44,"LINESTRING(-112.1147335 33.4633009,-112.0958468 33.4453458)",733
303,v,3769,1106,,1401842516,1,45,"LINESTRING(-112.1039006 33.4671791,-112.1077526 33.4454132)",722
304,v,5683,2026,,7051233218,1,45,"LINESTRING(-112.1088686 33.4678121,-112.1087579 33.4453656)",731
305,v,5682,815,,256788785,1,45,"LINESTRING(-112.1090635 33.4675497,-112.1081262 33.4466484)",706
306,v,5682,2030,,7712808163,1,45,"LINESTRING(-112.1090635 33.4675497,-112.1044095 33.4450348)",728
307,v,5409,2030,,7712808163,1,45,"LINESTRING(-112.1144892 33.4640905,-112.1044095 33.4450348)",736
308,v,4769,1497,,3171906913,1,45,"LINESTRING(-112.0986007 33.4636653,-112.1083013 33.4466679)",745
309,v,3764,1497,,3171906913,1,45,"LINESTRING(-112.103843 33.4673354,-112.1083013 33.4466679)",739
310,v,5310,1497,,3171906913,1,45,"LINESTRING(-112.0989346 33.4638779,-112.1083013 33.4466679)",732
311,v,5407,815,,256788785,1,45,"LINESTRING(-112.1144906 33.4633816,-112.1081262 33.4466484)",736
312,v,4235,1106,,1401842516,1,45,"LINESTRING(-112.0996237 33.4634681,-112.1077526 33.4454132)",800
313,v,3783,815,,256788785,1,45,"LINESTRING(-112.1040522 33.4671024,-112.1081262 33.4466484)",726
314,v,5406,2026,,7051233218,1,45,"LINESTRING(-112.1148538 33.4635136,-112.1087579 33.4453656)",705
315,v,5291,5399,,,2,1,"LINESTRING(-112.0920873 33.4633508,-112.1070373 33.4662602)",709
316,v,4946,4228,,,2,1,"LINESTRING(-112.0889882 33.4644941,-112.1001792 33.4651807)",703
317,v,4893,5688,,,2,1,"LINESTRING(-112.083051 33.4643314,-112.1071879 33.4674243)",726
318,v,4846,3082,,,2,1,"LINESTRING(-112.0809481 33.4640041,-112.1044327 33.4678013)",711
319,v,4513,3033,,,2,1,"LINESTRING(-112.0836622 33.4634919,-112.0983912 33.4666033)",704
320,v,5257,3789,,,2,1,"LINESTRING(-112.0916377 33.4650165,-112.104051 33.4670618)",752
321,v,4806,5408,,,2,1,"LINESTRING(-112.0886795 33.4650098,-112.1144971 33.463888)",740
322,v,4893,3773,,,2,1,"LINESTRING(-112.083051 33.4643314,-112.1040042 33.4671864)",741
323,v,4178,4239,,,2,1,"LINESTRING(-112.0912329 33.46617,-112.108379 33.4657758)",731
324,v,5276,3766,,,2,1,"LINESTRING(-112.0899908 33.465009,-112.1038986 33.4673357)",800
325,v,5036,5689,,,2,1,"LINESTRING(-112.0948455 33.4639607,-112.1068813 33.4674502)",705
326,v,4466,5413,,,2,1,"LINESTRING(-112.0943676 33.4641039,-112.1132489 33.465571)",753
327,v,4863,4228,,,2,1,"LINESTRING(-112.0807667 33.4633331,-112.1001792 33.4651807)",741
328,v,4178,3068,,,2,1,"LINESTRING(-112.0912329 33.46617,-112.1020259 33.4663763)",725
329,v,5658,3784,,,2,1,"LINESTRING(-112.0817483 33.466154,-112.1040049 33.4673699)",720
330,v,5053,3068,,,2,1,"LINESTRING(-112.0853439 33.4635277,-112.1020259 33.4663763)",754
331,v,5249,4769,,,2,1,"LINESTRING(-112.084043 33.4633196,-112.0986007 33.4636653)",753
332,v,5033,5017,,,2,1,"LINESTRING(-112.0824176 33.4644821,-112.098588 33.463479)",726
333,v,4689,3082,,,2,1,"LINESTRING(-112.087204 33.4640088,-112.1044327 33.4678013)",737
334,v,4642,4125,,,2,3,"LINESTRING(-112.0972676 33.4656892,-112.0676918 33.4658315)",710
335,v,5185,4818,,,2,3,"LINESTRING(-112.0952943 33.4634667,-112.0772825 33.4644777)",711
336,v,4450,5039,,,2,3,"LINESTRING(-112.0952007 33.4633315,-112.0769034 33.4649617)",753
337,v,5093,4753,,,2,3,"LINESTRING(-112.0824297 33.46402,-112.0800383 33.4650209)",729
338,v,4730,5253,,,2,3,"LINESTRING(-112.0868218 33.4645055,-112.0805203 33.4650296)",719
339,v,4920,3273,,,2,3,"LINESTRING(-112.0923297 33.4633197,-112.0697295 33.467373)",734
340,v,4555,4558,,,2,3,"LINESTRING(-112.0838727 33.4645425,-112.0762737 33.4638917)",757
341,v,4679,3174,,,2,3,"LINESTRING(-112.0975149 33.4642208,-112.0730263 33.4651922)",716
342,v,4363,4585,,,2,3,"LINESTRING(-112.0914827 33.4644475,-112.0784576 33.4650084)",755
343,v,4722,3055,,,2,3,"LINESTRING(-112.08938 33.465012,-112.0674631 33.4662084)",753
344,v,5005,2847,,,2,3,"LINESTRING(-112.0852461 33.4641587,-112.064682 33.4643309)",749
345,v,5136,5059,,,2,3,"LINESTRING(-112.0948484 33.4634844,-112.075236 33.4638826)",753
346,v,4814,5174,,,2,3,"LINESTRING(-112.0878598 33.4645089,-112.078865 33.4634998)",733
347,v,5021,4927,,,2,3,"LINESTRING(-112.0916642 33.4634976,-112.0772875 33.4639036)",718
348,v,4466,5604,,,2,3,"LINESTRING(-112.0943676 33.4641039,-112.0771548 33.466551)",800
349,v,4247,1858,,4524098370,2,3,"LINESTRING(-112.0874344 33.4659451,-112.0654224 33.4649092)",723
350,v,5331,4858,,,2,3,"LINESTRING(-112.0907848 33.464509,-112.0757443 33.4649474)",749
351,v,5268,4662,,,2,3,"LINESTRING(-112.0937896 33.4635051,-112.07644 33.4651845)",747
352,v,4598,5857,,,2,3,"LINESTRING(-112.0943843 33.4632905,-112.0749928 33.4668766)",736
353,v,5313,4781,,,2,3,"LINESTRING(-112.0894824 33.4650185,-112.0786565 33.4640612)",717
354,v,5150,5622,,,2,3,"LINESTRING(-112.0890025 33.4643243,-112.0765182 33.4669565)",711
355,v,4638,4630,,,2,3,"LINESTRING(-112.0962375 33.4634213,-112.0759777 33.464277)",745
356,v,4916,5650,,,2,3,"LINESTRING(-112.0880199 33.4644755,-112.0769687 33.4674356)",714
357,v,4967,5839,,,2,3,"LINESTRING(-112.0954491 33.4633271,-112.0678956 33.4648051)",740
358,v,4739,4585,,,2,3,"LINESTRING(-112.0841061 33.4645357,-112.0784576 33.4650084)",758
359,v,4619,4654,,,2,3,"LINESTRING(-112.0890065 33.4655996,-112.0767267 33.464955)",759
360,v,4360,3273,,,2,3,"LINESTRING(-112.0917083 33.4664003,-112.0697295 33.467373)",709
361,v,4681,5194,,,2,3,"LINESTRING(-112.0904804 33.4645145,-112.0795445 33.4640443)",705
362,v,653,3955,42377495,,2,3,"LINESTRING(-112.0892058 33.4637363,-112.0665685 33.4653035)",746
363,v,5025,3307,,,2,3,"LINESTRING(-112.0836689 33.4643433,-112.0676352 33.4670353)",714
364,v,4447,5253,,,2,3,"LINESTRING(-112.0932292 33.464327,-112.0805203 33.4650296)",716
365,v,4499,3531,,,2,3,"LINESTRING(-112.0936471 33.4634837,-112.0756869 33.4654184)",755
366,v,4896,5615,,,2,3,"LINESTRING(-112.0936427 33.4650404,-112.0769181 33.4669644)",750
367,v,4588,3296,,,2,3,"LINESTRING(-112.0836988 33.4650151,-112.0800661 33.4660299)",707
368,v,5309,5039,,,2,3,"LINESTRING(-112.0880369 33.4655896,-112.0769034 33.4649617)",753
369,v,4573,5336,,,2,3,"LINESTRING(-112.0969959 33.4639079,-112.0799822 33.4642103)",738
370,v,4946,4436,,,2,3,"LINESTRING(-112.0889882 33.4644941,-112.078676 33.4639442)",731
371,v,4685,5649,,,2,3,"LINESTRING(-112.0918041 33.4639927,-112.0771645 33.4674177)",704
372,v,317,5344,41661589,,2,3,"LINESTRING(-112.0848605 33.4667873,-112.0754506 33.4675601)",758
373,v,4494,5840,,,2,3,"LINESTRING(-112.0893672 33.4641979,-112.0727678 33.466761)",756
374,v,5084,3305,,,2,3,"LINESTRING(-112.0884604 33.4651608,-112.0688948 33.4647392)",759
375,v,4528,2484,,,2,3,"LINESTRING(-112.0975912 33.4633817,-112.077337 33.4655519)",753
376,v,5155,3261,,,2,3,"LINESTRING(-112.0876587 33.463417,-112.070061 33.4633371)",726
377,v,5137,5192,,,2,3,"LINESTRING(-112.0927627 33.4639946,-112.0768782 33.4653133)",707
378,v,5057,3178,,,2,3,"LINESTRING(-112.0832732 33.4645491,-112.0715309 33.4649732)",729
379,v,4679,974,,331946558,2,3,"LINESTRING(-112.0975149 33.4642208,-112.073734 33.467765)",731
380,v,5100,5059,,,2,3,"LINESTRING(-112.0868424 33.4655166,-112.075236 33.4638826)",704
381,v,5190,3002,,,2,4,"LINESTRING(-112.0893711 33.4640066,-112.0495746 33.4660036)",722
382,v,5043,2777,,,2,4,"LINESTRING(-112.0922857 33.4650068,-112.0469336 33.4633647)",746
383,v,4773,323,,41662412,2,4,"LINESTRING(-112.0922895 33.4645259,-112.0498647 33.4647311)",727
384,v,4767,5386,,,2,4,"LINESTRING(-112.086629 33.4635103,-112.0628428 33.4641588)",706
385,v,5239,3558,,,2,4,"LINESTRING(-112.0836814 33.4645053,-112.0581622 33.4665637)",719
386,v,4746,4298,,,2,4,"LINESTRING(-112.08306 33.463515,-112.0473669 33.4656143)",719
387,v,4705,2867,,,2,4,"LINESTRING(-112.0844937 33.4634928,-112.0464816 33.4639843)",716
388,v,4938,60,,41580897,2,4,"LINESTRING(-112.0815892 33.4650326,-112.0498322 33.4666985)",712
389,v,3565,3699,,,2,4,"LINESTRING(-112.0950636 33.4649882,-112.0630166 33.466203)",745
390,v,5162,2867,,,2,4,"LINESTRING(-112.0960405 33.464877,-112.0464816 33.4639843)",718
391,v,4529,2997,,,2,4,"LINESTRING(-112.0857636 33.4635053,-112.0517718 33.4654572)",745
392,v,4687,2954,,,2,4,"LINESTRING(-112.0926288 33.4635146,-112.0466893 33.4641377)",746
393,v,4499,292,,41651878,2,4,"LINESTRING(-112.0936471 33.4634837,-112.0596531 33.4675545)",719
394,v,5028,3690,,,2,4,"LINESTRING(-112.094076 33.4649844,-112.0568538 33.4641656)",720
395,v,4248,2950,,,2,4,"LINESTRING(-112.0951879 33.4657454,-112.0472806 33.4641206)",746
396,v,4663,2989,,,2,4,"LINESTRING(-112.0815754 33.4640009,-112.0537062 33.4661523)",739
397,v,4907,92,,41587349,2,4,"LINESTRING(-112.0822329 33.4640013,-112.0564143 33.4636538)",711
398,v,4880,2950,,,2,4,"LINESTRING(-112.0876085 33.4653876,-112.0472806 33.4641206)",722
399,v,4586,4102,,,2,4,"LINESTRING(-112.0811688 33.4640154,-112.0632613 33.4673702)",726
400,v,4494,251,,41644338,2,4,"LINESTRING(-112.0893672 33.4641979,-112.0620298 33.4646739)",718
401,v,4784,5664,,,2,4,"LINESTRING(-112.0916354 33.4645272,-112.0591549 33.4636967)",735
402,v,690,5664,42559941,,2,4,"LINESTRING(-112.0945308 33.4637371,-112.0591549 33.4636967)",739
403,v,4634,3699,,,2,4,"LINESTRING(-112.0951555 33.4635204,-112.0630166 33.466203)",747
404,v,4482,2989,,,2,4,"LINESTRING(-112.0907834 33.4635176,-112.0537062 33.4661523)",714
405,v,4548,2855,,,2,4,"LINESTRING(-112.080929 33.4635003,-112.0472827 33.4644914)",754
406,v,4549,2860,,,2,4,"LINESTRING(-112.0895185 33.4634897,-112.0468287 33.4639731)",744
407,v,4522,4331,,,2,4,"LINESTRING(-112.0962209 33.4645414,-112.0517028 33.4656554)",742
408,v,4470,4331,,,2,4,"LINESTRING(-112.0814998 33.4651292,-112.0517028 33.4656554)",757
409,v,4776,2904,,,2,4,"LINESTRING(-112.0839087 33.4650154,-112.0502962 33.4640494)",703
410,v,5319,2855,,,2,4,"LINESTRING(-112.0943786 33.4641875,-112.0472827 33.4644914)",742
411,v,4527,293,,41651879,2,4,"LINESTRING(-112.0921284 33.4649999,-112.0585546 33.4675576)",754
412,v,5240,61,,41580899,2,4,"LINESTRING(-112.0939349 33.4655523,-112.0476938 33.4666881)",727
413,v,4916,3695,,,2,4,"LINESTRING(-112.0880199 33.4644755,-112.0538283 33.4654457)",800
414,v,4949,5395,,,2,4,"LINESTRING(-112.0947326 33.4635026,-112.048033 33.4654523)",716
415,v,4706,3532,,,2,4,"LINESTRING(-112.0918058 33.4650269,-112.0632244 33.4668684)",719
416,v,4474,3547,,,2,4,"LINESTRING(-112.0939119 33.464526,-112.058382 33.4659944)",719
417,v,4933,2849,,,2,4,"LINESTRING(-112.0898383 33.4634866,-112.0473141 33.4654267)",719
418,v,4754,2806,,,2,5,"LINESTRING(-112.0878531 33.4639954,-112.0444449 33.4634041)",759
419,v,4557,5726,,,2,5,"LINESTRING(-112.0851053 33.4644737,-112.0310822 33.4673399)",747
420,v,4363,2746,,,2,5,"LINESTRING(-112.0914827 33.4644475,-112.0413769 33.4645293)",751
421,v,4498,2779,,,2,5,"LINESTRING(-112.0873739 33.4645099,-112.0462199 33.4633307)",749
422,v,4715,2683,,,2,5,"LINESTRING(-112.0950191 33.4639687,-112.0449604 33.4635335)",723
423,v,5224,5705,,,2,5,"LINESTRING(-112.0807364 33.4639991,-112.0293432 33.4661723)",718
424,v,4732,2882,,,2,5,"LINESTRING(-112.0932574 33.4639841,-112.0456677 33.4639712)",730
425,v,4860,288,,41651862,2,5,"LINESTRING(-112.0819823 33.4635133,-112.0433386 33.4675768)",715
426,v,4902,5735,,,2,5,"LINESTRING(-112.095319 33.4639642,-112.0305251 33.4676793)",745
427,v,4562,2977,,,2,5,"LINESTRING(-112.0846874 33.463511,-112.0396271 33.4641697)",732
428,v,4972,2814,,,2,5,"LINESTRING(-112.0940702 33.4645068,-112.0424075 33.463316)",738
429,v,4826,884,,330547158,2,5,"LINESTRING(-112.0950956 33.465188,-112.0390692 33.46605)",720
430,v,4552,2913,,,2,5,"LINESTRING(-112.0888267 33.4640155,-112.0459723 33.4654785)",748
431,v,4906,2750,,,2,5,"LINESTRING(-112.0877103 33.4650026,-112.0410052 33.4649551)",753
432,v,4571,2808,,,2,5,"LINESTRING(-112.0924513 33.4650182,-112.0443726 33.4633807)",714
433,v,5658,2724,,,2,5,"LINESTRING(-112.0817483 33.466154,-112.0423456 33.4639989)",721
434,v,4871,289,,41651864,2,5,"LINESTRING(-112.0830338 33.464007,-112.0422463 33.4675714)",709
435,v,4697,5833,,,2,6,"LINESTRING(-112.0855638 33.4635288,-112.1108984 33.4595914)",710
436,v,5121,315,,41654085,2,6,"LINESTRING(-112.0816891 33.4645019,-112.0978567 33.4604014)",711
437,v,4922,3098,,,2,6,"LINESTRING(-112.0948882 33.4643622,-112.1070504 33.4585413)",722
438,v,5219,3949,,,2,6,"LINESTRING(-112.0939331 33.4639729,-112.0987277 33.4606809)",716
439,v,4739,3074,,,2,6,"LINESTRING(-112.0841061 33.4645357,-112.1051235 33.4607827)",737
440,v,5170,4609,,,2,6,"LINESTRING(-112.0886953 33.4655913,-112.0989695 33.4624491)",710
441,v,5108,3108,,,2,6,"LINESTRING(-112.0943458 33.4644938,-112.099466 33.4628775)",738
442,v,4683,5659,,,2,6,"LINESTRING(-112.0885129 33.4645061,-112.1124087 33.4600038)",719
443,v,4507,5245,,,2,7,"LINESTRING(-112.0906359 33.4645358,-112.0940766 33.4624827)",735
444,v,5234,4783,,,2,7,"LINESTRING(-112.0893511 33.4635064,-112.0879791 33.4623255)",745
445,v,1415,4453,2361888684,,2,7,"LINESTRING(-112.0828118 33.4637657,-112.0943647 33.4623037)",723
446,v,5137,4561,,,2,7,"LINESTRING(-112.0927627 33.4639946,-112.0948636 33.4624799)",743
447,v,4249,428,,41769149,2,7,"LINESTRING(-112.0963428 33.4655164,-112.082628 33.4627408)",731
448,v,5208,4998,,,2,7,"LINESTRING(-112.089783 33.46434,-112.0866179 33.4629788)",732
449,v,3689,4530,,,2,7,"LINESTRING(-112.0821686 33.4654991,-112.0932684 33.4631552)",737
450,v,4261,1756,,4347952497,2,7,"LINESTRING(-112.0820313 33.4661,-112.0827694 33.4627444)",703
451,v,4833,5221,,,2,7,"LINESTRING(-112.0813139 33.4641733,-112.0893923 33.4624812)",712
452,v,4680,515,,41934814,2,7,"LINESTRING(-112.0843583 33.4642086,-112.0956599 33.4586145)",750
453,v,5057,4904,,,2,7,"LINESTRING(-112.0832732 33.4645491,-112.0880221 33.4625051)",703
454,v,5046,4590,,,2,7,"LINESTRING(-112.0874829 33.4652109,-112.0951608 33.4629453)",708
455,v,4795,4473,,,2,7,"LINESTRING(-112.0813729 33.4639875,-112.0813527 33.4630232)",712
456,v,4671,5281,,,2,7,"LINESTRING(-112.0943616 33.4639894,-112.0952969 33.4629478)",748
457,v,3694,4615,,,2,7,"LINESTRING(-112.083985 33.4655876,-112.0937661 33.4624791)",743
458,v,5220,4908,,,2,7,"LINESTRING(-112.0922412 33.4641599,-112.0872121 33.4624928)",737
459,v,269,5329,41647549,,2,7,"LINESTRING(-112.0870445 33.4676533,-112.0888522 33.4624939)",736
460,v,4493,741,,198036396,2,8,"LINESTRING(-112.0812656 33.4633308,-112.0801236 33.4603768)",714
461,v,4906,2321,,,2,8,"LINESTRING(-112.0877103 33.4650026,-112.0790724 33.460442)",758
462,v,4576,4550,,,2,8,"LINESTRING(-112.0857664 33.4645077,-112.0758516 33.4630254)",718
463,v,4499,3229,,,2,8,"LINESTRING(-112.0936471 33.4634837,-112.0775805 33.4595309)",707
464,v,4980,3246,,,2,8,"LINESTRING(-112.0895534 33.4655865,-112.0771947 33.4621583)",748
465,v,386,2586,41723795,,2,8,"LINESTRING(-112.0849136 33.4637588,-112.0656131 33.4609358)",729
466,v,4565,2307,,,2,8,"LINESTRING(-112.0890279 33.4633162,-112.0698592 33.4617873)",702
467,v,5179,973,,331946006,2,8,"LINESTRING(-112.0857985 33.4641878,-112.0739459 33.4599288)",738
468,v,690,3059,42559941,,2,8,"LINESTRING(-112.0945308 33.4637371,-112.0722272 33.459006)",710
469,v,4104,5259,,,2,8,"LINESTRING(-112.0828011 33.465139,-112.0753982 33.4630019)",716
470,v,4444,2576,,,2,8,"LINESTRING(-112.0928759 33.4641563,-112.0660254 33.4589281)",709
471,v,4786,4659,,,2,8,"LINESTRING(-112.0855344 33.4639864,-112.0775076 33.4628273)",737
472,v,4437,5205,,,2,8,"LINESTRING(-112.0920356 33.4633218,-112.0765656 33.4628245)",721
473,v,4683,2604,,,2,8,"LINESTRING(-112.0885129 33.4645061,-112.0658315 33.4594066)",716
474,v,4802,5392,,,2,8,"LINESTRING(-112.0875393 33.465584,-112.0760577 33.4605292)",736
475,v,4579,2307,,,2,8,"LINESTRING(-112.0940843 33.4634939,-112.0698592 33.4617873)",717
476,v,5284,2598,,,2,8,"LINESTRING(-112.0927874 33.4655121,-112.0662285 33.4592316)",752
477,v,4790,3156,,,2,8,"LINESTRING(-112.0936266 33.4645403,-112.0734263 33.4595771)",722
478,v,5150,5259,,,2,8,"LINESTRING(-112.0890025 33.4643243,-112.0753982 33.4630019)",747
479,v,4952,2592,,,2,8,"LINESTRING(-112.0919817 33.4634861,-112.0661303 33.4596877)",733
480,v,4548,3040,,,2,8,"LINESTRING(-112.080929 33.4635003,-112.074657 33.4595988)",707
481,v,4557,1223,,1512268487,2,8,"LINESTRING(-112.0851053 33.4644737,-112.0775945 33.4599312)",756
482,v,4907,2521,,,2,8,"LINESTRING(-112.0822329 33.4640013,-112.064589 33.4588416)",759
483,v,5092,5388,,,2,8,"LINESTRING(-112.0883601 33.4650004,-112.0731539 33.4619519)",733
484,v,5184,2518,,,2,8,"LINESTRING(-112.0872019 33.4644715,-112.0643108 33.4592015)",759
485,v,4674,5259,,,2,8,"LINESTRING(-112.0919649 33.4649974,-112.0753982 33.4630019)",721
486,v,4521,1233,,1513713254,2,8,"LINESTRING(-112.0889988 33.4650294,-112.0693509 33.4627765)",751
487,v,4919,3238,,,2,8,"LINESTRING(-112.081334 33.4635154,-112.0753386 33.4607814)",752
488,v,4445,433,,41786014,2,8,"LINESTRING(-112.0925649 33.4641993,-112.0656413 33.4599696)",756
489,v,5162,123,,41594657,2,9,"LINESTRING(-112.0960405 33.464877,-112.0542788 33.4595976)",735
490,v,4833,2660,,,2,9,"LINESTRING(-112.0813139 33.4641733,-112.0464515 33.463188)",705
491,v,4972,5393,,,2,9,"LINESTRING(-112.0940702 33.4645068,-112.0470831 33.4590717)",758
492,v,4963,2788,,,2,9,"LINESTRING(-112.0923176 33.464322,-112.0466997 33.4631318)",733
493,v,4605,86,,41587335,2,9,"LINESTRING(-112.0832362 33.4640236,-112.0564462 33.4592693)",705
494,v,3694,126,,41594660,2,9,"LINESTRING(-112.083985 33.4655876,-112.0498472 33.4596169)",744
495,v,4467,2655,,,2,10,"LINESTRING(-112.0835239 33.4642167,-112.046152 33.4630093)",755
496,v,4997,3372,,,2,10,"LINESTRING(-112.0919703 33.4645144,-112.0298257 33.459184)",703
497,v,5287,461,,41806599,2,10,"LINESTRING(-112.0898393 33.4645302,-112.0433387 33.4628011)",708
498,v,4610,520,,41938143,2,10,"LINESTRING(-112.0876935 33.4645145,-112.0443922 33.4604977)",758
499,v,4893,2805,,,2,10,"LINESTRING(-112.083051 33.4643314,-112.0439347 33.4632193)",722
500,v,4492,622,,42320428,2,10,"LINESTRING(-112.083079 33.4650228,-112.0346674 33.4599807)",736
501,v,5287,2749,,,2,10,"LINESTRING(-112.0898393 33.4645302,-112.0413639 33.4629952)",735
502,v,4995,622,,42320428,2,10,"LINESTRING(-112.0890144 33.4642072,-112.0346674 33.4599807)",749
503,v,4730,3131,,,2,11,"LINESTRING(-112.0868218 33.4645055,-112.1011898 33.4540541)",708
504,v,4466,4061,,,2,11,"LINESTRING(-112.0943676 33.4641039,-112.1056125 33.4552708)",747
505,v,5320,3092,,,2,11,"LINESTRING(-112.0878088 33.4643489,-112.1073544 33.4540963)",741
506,v,4448,3089,,,2,11,"LINESTRING(-112.0941214 33.4641015,-112.0989406 33.4564392)",737
507,v,4909,3926,,,2,11,"LINESTRING(-112.0906349 33.4650249,-112.100491 33.4561626)",715
508,v,4773,3084,,,2,11,"LINESTRING(-112.0922895 33.4645259,-112.0985709 33.4578941)",751
509,v,5312,3132,,,2,11,"LINESTRING(-112.0830546 33.4645371,-112.0992422 33.4551603)",739
510,v,4699,3927,,,2,11,"LINESTRING(-112.0915009 33.4633006,-112.1003169 33.4568066)",740
511,v,4770,3095,,,2,11,"LINESTRING(-112.087216 33.4641945,-112.1048506 33.4559185)",712
512,v,5279,4053,,,2,11,"LINESTRING(-112.0833 33.4650213,-112.1053777 33.4563936)",748
513,v,4773,4066,,,2,11,"LINESTRING(-112.0922895 33.4645259,-112.1038128 33.4556448)",737
514,v,4909,3928,,,2,11,"LINESTRING(-112.0906349 33.4650249,-112.1003491 33.4571109)",742
515,v,4568,3927,,,2,11,"LINESTRING(-112.0817896 33.4650273,-112.1003169 33.4568066)",742
516,v,5188,4066,,,2,11,"LINESTRING(-112.0838902 33.4635177,-112.1038128 33.4556448)",703
517,v,4716,3076,,,2,11,"LINESTRING(-112.0840176 33.4641687,-112.1016021 33.4567435)",800
518,v,4923,4059,,,2,11,"LINESTRING(-112.0883372 33.4640046,-112.1049156 33.4552262)",706
519,v,5083,3130,,,2,11,"LINESTRING(-112.0914788 33.4652034,-112.0996349 33.4552371)",743
520,v,5053,4070,,,2,11,"LINESTRING(-112.0853439 33.4635277,-112.1051269 33.4547343)",800
521,v,5226,3095,,,2,11,"LINESTRING(-112.0851441 33.4650224,-112.1048506 33.4559185)",706
522,v,4535,4069,,,2,11,"LINESTRING(-112.0873815 33.4650438,-112.105265 33.4546801)",752
523,v,4557,3092,,,2,11,"LINESTRING(-112.0851053 33.4644737,-112.1073544 33.4540963)",715
524,v,4610,3130,,,2,11,"LINESTRING(-112.0876935 33.4645145,-112.0996349 33.4552371)",744
525,v,79,4056,41584054,,2,11,"LINESTRING(-112.091406 33.4676708,-112.1053749 33.4542668)",749
526,v,4247,4062,,,2,11,"LINESTRING(-112.0874344 33.4659451,-112.1030349 33.4562646)",737
527,v,4711,4058,,,2,11,"LINESTRING(-112.0918376 33.4652136,-112.1047413 33.4550177)",740
528,v,4969,3092,,,2,11,"LINESTRING(-112.0856899 33.4633342,-112.1073544 33.4540963)",739
529,v,5338,3081,,,2,11,"LINESTRING(-112.0847239 33.4653417,-112.1015953 33.457197)",739
530,v,4477,4054,,,2,11,"LINESTRING(-112.0942086 33.4649855,-112.1057827 33.4568351)",751
531,v,5123,4057,,,2,11,"LINESTRING(-112.0877365 33.4656005,-112.1057084 33.4542418)",719
532,v,4361,3791,,,2,11,"LINESTRING(-112.0909107 33.4654077,-112.101707 33.4562514)",715
533,v,4843,2339,,,2,12,"LINESTRING(-112.0896315 33.4643389,-112.0843225 33.4544272)",731
534,v,5173,2450,,,2,12,"LINESTRING(-112.0881893 33.4649946,-112.0901473 33.4565824)",707
535,v,4993,2335,,,2,12,"LINESTRING(-112.0853462 33.4650417,-112.0839408 33.4544792)",736
536,v,4532,4272,,,2,12,"LINESTRING(-112.0858831 33.4641162,-112.0876679 33.4548278)",717
537,v,4246,2440,,,2,12,"LINESTRING(-112.0865888 33.4657341,-112.0946223 33.4545889)",738
538,v,4637,581,,42205602,2,12,"LINESTRING(-112.084285 33.4635164,-112.0813947 33.4547416)",739
539,v,1053,5377,414940052,,2,12,"LINESTRING(-112.0926102 33.4663111,-112.0911216 33.4543715)",747
540,v,4817,44,,41545927,2,12,"LINESTRING(-112.0903101 33.4640055,-112.0859075 33.4569151)",754
541,v,4963,2349,,,2,12,"LINESTRING(-112.0923176 33.464322,-112.0840777 33.453816)",756
542,v,5188,514,,41934793,2,12,"LINESTRING(-112.0838902 33.4635177,-112.0956647 33.4549624)",751
543,v,4665,513,,41934790,2,12,"LINESTRING(-112.0900472 33.4651745,-112.0956713 33.454059)",742
544,v,5226,4264,,,2,12,"LINESTRING(-112.0851441 33.4650224,-112.0859785 33.4539708)",720
545,v,4629,565,,42200718,2,12,"LINESTRING(-112.0876415 33.464389,-112.0892333 33.4569751)",709
546,v,5132,4131,,,2,12,"LINESTRING(-112.0926027 33.4645059,-112.0851359 33.4545576)",756
547,v,4437,2458,,,2,12,"LINESTRING(-112.0920356 33.4633218,-112.091093 33.4562986)",738
548,v,4513,5377,,,2,12,"LINESTRING(-112.0836622 33.4634919,-112.0911216 33.4543715)",738
549,v,5291,3072,,,2,12,"LINESTRING(-112.0920873 33.4633508,-112.09638 33.4566045)",724
550,v,270,5368,41647550,,2,12,"LINESTRING(-112.0881494 33.4676839,-112.0914486 33.4538756)",754
551,v,4496,560,,42038104,2,12,"LINESTRING(-112.0859609 33.4645313,-112.0968947 33.4549516)",738
552,v,3314,4128,,,2,12,"LINESTRING(-112.0830543 33.4660405,-112.0852922 33.4549787)",708
553,v,4763,5378,,,2,12,"LINESTRING(-112.0895496 33.4645223,-112.0910706 33.4538414)",747
554,v,4502,5378,,,2,12,"LINESTRING(-112.0863982 33.4635022,-112.0910706 33.4538414)",703
555,v,5184,4121,,,2,12,"LINESTRING(-112.0872019 33.4644715,-112.086288 33.4564856)",717
556,v,4496,3738,,,2,13,"LINESTRING(-112.0859609 33.4645313,-112.0734821 33.4581179)",726
557,v,5163,3631,,,2,13,"LINESTRING(-112.0817935 33.4639903,-112.0677616 33.4580726)",739
558,v,4893,5819,,,2,13,"LINESTRING(-112.083051 33.4643314,-112.0780274 33.4565213)",715
559,v,5005,4010,,,2,13,"LINESTRING(-112.0852461 33.4641587,-112.0680475 33.4547896)",742
560,v,5098,2635,,,2,13,"LINESTRING(-112.0834331 33.4640567,-112.0672331 33.4561852)",702
561,v,4260,2629,,,2,13,"LINESTRING(-112.0816315 33.465524,-112.0723609 33.4548475)",741
562,v,4851,2232,,,2,13,"LINESTRING(-112.0811598 33.4645236,-112.0682288 33.4584889)",736
563,v,4363,2627,,,2,13,"LINESTRING(-112.0914827 33.4644475,-112.07235 33.4567417)",725
564,v,4969,570,,42203736,2,13,"LINESTRING(-112.0856899 33.4633342,-112.0712636 33.4565895)",745
565,v,4246,5829,,,2,13,"LINESTRING(-112.0865888 33.4657341,-112.0703362 33.4573851)",745
566,v,4588,2145,,,2,13,"LINESTRING(-112.0836988 33.4650151,-112.0759986 33.454544)",753
567,v,5246,3643,,,2,13,"LINESTRING(-112.083454 33.4635286,-112.0665407 33.4584768)",758
568,v,4952,5629,,,2,13,"LINESTRING(-112.0919817 33.4634861,-112.0804904 33.4575766)",745
569,v,4685,3759,,,2,13,"LINESTRING(-112.0918041 33.4639927,-112.0693728 33.4578984)",705
570,v,3316,2328,,,2,13,"LINESTRING(-112.0831169 33.4662601,-112.0785933 33.4559417)",739
571,v,4881,3634,,,2,13,"LINESTRING(-112.0883346 33.4652297,-112.0671728 33.4580586)",714
572,v,4819,2635,,,2,13,"LINESTRING(-112.0888629 33.4635031,-112.0672331 33.4561852)",743
573,v,4249,2326,,,2,13,"LINESTRING(-112.0963428 33.4655164,-112.0793163 33.4563817)",744
574,v,4556,2142,,,2,13,"LINESTRING(-112.0940721 33.4654982,-112.0760368 33.4543809)",713
575,v,3316,5828,,,2,13,"LINESTRING(-112.0831169 33.4662601,-112.077351 33.4573295)",754
576,v,5258,2404,,,2,13,"LINESTRING(-112.0893668 33.46516,-112.0671162 33.4584919)",704
577,v,4907,1213,,1502089154,2,13,"LINESTRING(-112.0822329 33.4640013,-112.075053 33.4566909)",736
578,v,4619,5818,,,2,13,"LINESTRING(-112.0890065 33.4655996,-112.0780464 33.4562645)",749
579,v,4968,2392,,,2,13,"LINESTRING(-112.0875138 33.4639875,-112.0786686 33.4539816)",704
580,v,4916,2280,,,2,13,"LINESTRING(-112.0880199 33.4644755,-112.0730961 33.4558133)",709
581,v,4903,3317,,,2,13,"LINESTRING(-112.0846304 33.4641912,-112.0682266 33.4577958)",748
582,v,5064,2334,,,2,13,"LINESTRING(-112.0885385 33.4635143,-112.0677855 33.4553503)",726
583,v,4661,929,,331908925,2,13,"LINESTRING(-112.0894782 33.46434,-112.0737915 33.4555505)",738
584,v,5312,2249,,,2,13,"LINESTRING(-112.0830546 33.4645371,-112.0682861 33.454078)",753
585,v,4523,2250,,,2,13,"LINESTRING(-112.0931342 33.4643422,-112.0670492 33.4550766)",721
586,v,4105,2186,,,2,13,"LINESTRING(-112.0822166 33.4657247,-112.0744894 33.4551449)",749
587,v,5046,2333,,,2,13,"LINESTRING(-112.0874829 33.4652109,-112.0682904 33.4553434)",717
588,v,4848,5630,,,2,13,"LINESTRING(-112.0834428 33.4651805,-112.0804878 33.4577523)",721
589,v,5116,1092,,1307391489,2,13,"LINESTRING(-112.0859836 33.465575,-112.0725476 33.4545456)",704
590,v,5190,3572,,,2,13,"LINESTRING(-112.0893711 33.4640066,-112.0756791 33.4563875)",727
591,v,4862,5827,,,2,13,"LINESTRING(-112.0888437 33.4650267,-112.0755191 33.4569313)",725
592,v,5113,3202,,,2,13,"LINESTRING(-112.0863953 33.4645324,-112.0704524 33.4571701)",728
593,v,76,5815,41584049,,2,14,"LINESTRING(-112.0912766 33.4637404,-112.0617547 33.4579587)",743
594,v,5230,3580,,,2,14,"LINESTRING(-112.0931048 33.4645179,-112.0515764 33.4560338)",754
595,v,5333,528,,41981673,2,14,"LINESTRING(-112.0896783 33.46503,-112.0521341 33.4567685)",746
596,v,5287,4346,,,2,14,"LINESTRING(-112.0898393 33.4645302,-112.0478024 33.4580143)",729
597,v,3694,3601,,,2,14,"LINESTRING(-112.083985 33.4655876,-112.0492829 33.4561505)",757
598,v,5051,1985,,5737498242,2,15,"LINESTRING(-112.0842719 33.4640095,-112.0433197 33.4583601)",715
599,v,4650,684,,42523698,2,15,"LINESTRING(-112.0879746 33.4652056,-112.0433242 33.4577918)",711
600,v,1053,646,414940052,42365685,2,15,"LINESTRING(-112.0926102 33.4663111,-112.0357094 33.4577232)",748
601,v,4950,687,,42554510,2,15,"LINESTRING(-112.0868381 33.4635043,-112.04334 33.4557949)",717
602,v,5158,634,,42354658,2,15,"LINESTRING(-112.0856778 33.4641196,-112.0359949 33.4540457)",738
603,v,4843,173,,41608909,2,15,"LINESTRING(-112.0896315 33.4643389,-112.0455525 33.4541902)",759
604,v,4822,5661,,,2,16,"LINESTRING(-112.0932185 33.4641736,-112.1114633 33.4507657)",733
605,v,3032,627,,42324274,2,16,"LINESTRING(-112.0951487 33.4661205,-112.1109982 33.4491366)",756
606,v,5071,542,,42005037,2,16,"LINESTRING(-112.0809386 33.4650453,-112.1088106 33.4501963)",731
607,v,4960,2343,,,2,16,"LINESTRING(-112.0846894 33.4650213,-112.09851 33.4506519)",741
608,v,5273,3110,,,2,16,"LINESTRING(-112.086854 33.4641957,-112.1088799 33.4527669)",800
609,v,4521,4025,,,2,16,"LINESTRING(-112.0889988 33.4650294,-112.0997184 33.4509571)",751
610,v,4252,4313,,,2,16,"LINESTRING(-112.0839399 33.4653494,-112.113586 33.4512549)",727
611,v,5069,3334,,,2,16,"LINESTRING(-112.0882896 33.4651641,-112.1012976 33.4515915)",722
612,v,5067,439,,41789076,2,16,"LINESTRING(-112.0893378 33.4633106,-112.1131667 33.4511482)",704
613,v,5106,2346,,,2,16,"LINESTRING(-112.0916082 33.4633197,-112.0985314 33.4510373)",733
614,v,4938,22,,41500706,2,16,"LINESTRING(-112.0815892 33.4650326,-112.1023702 33.4531257)",708
615,v,4605,19,,41500697,2,16,"LINESTRING(-112.0832362 33.4640236,-112.1131261 33.4526387)",712
616,v,665,2461,42424923,,2,16,"LINESTRING(-112.0870413 33.4637416,-112.0978899 33.4517947)",738
617,v,5199,2408,,,2,16,"LINESTRING(-112.0932994 33.4632972,-112.1015537 33.4496883)",745
618,v,4737,3866,,,2,16,"LINESTRING(-112.083874 33.4640352,-112.1002083 33.4508218)",759
619,v,3026,4022,,,2,16,"LINESTRING(-112.0975728 33.4668399,-112.0986831 33.4495717)",727
620,v,4555,2459,,,2,17,"LINESTRING(-112.0838727 33.4645425,-112.0976405 33.4515683)",728
621,v,4641,3944,,,2,17,"LINESTRING(-112.0909417 33.4645268,-112.0817338 33.4516644)",719
622,v,4247,4040,,,2,17,"LINESTRING(-112.0874344 33.4659451,-112.0974136 33.4526671)",739
623,v,386,2387,41723795,,2,17,"LINESTRING(-112.0849136 33.4637588,-112.0843994 33.449773)",703
624,v,4989,3896,,,2,17,"LINESTRING(-112.0880211 33.464992,-112.0920003 33.4505167)",753
625,v,5126,2462,,,2,17,"LINESTRING(-112.0821996 33.4635111,-112.0967767 33.4515178)",724
626,v,5240,2395,,,2,17,"LINESTRING(-112.0939349 33.4655523,-112.085568 33.4495517)",715
627,v,4580,3876,,,2,17,"LINESTRING(-112.0859729 33.4635132,-112.0976351 33.4518198)",732
628,v,5128,3945,,,2,17,"LINESTRING(-112.0861372 33.4650564,-112.0818771 33.4527701)",733
629,v,4885,3972,,,2,17,"LINESTRING(-112.0897039 33.4655818,-112.0857044 33.4516413)",718
630,v,4665,4040,,,2,17,"LINESTRING(-112.0900472 33.4651745,-112.0974136 33.4526671)",756
631,v,4632,5372,,,2,17,"LINESTRING(-112.0932691 33.4645135,-112.0910234 33.4527759)",736
632,v,4920,3899,,,2,17,"LINESTRING(-112.0923297 33.4633197,-112.092013 33.4507083)",725
633,v,4787,2437,,,2,17,"LINESTRING(-112.0852687 33.4633509,-112.0866401 33.4516291)",724
634,v,5325,2400,,,2,17,"LINESTRING(-112.086791 33.4640041,-112.0863274 33.4495067)",726
635,v,4896,3883,,,2,17,"LINESTRING(-112.0936427 33.4650404,-112.0941106 33.449876)",728
636,v,5333,3929,,,2,17,"LINESTRING(-112.0896783 33.46503,-112.0810999 33.453286)",718
637,v,5223,3909,,,2,17,"LINESTRING(-112.0868325 33.4650112,-112.0915914 33.4507273)",719
638,v,4705,2050,,,2,17,"LINESTRING(-112.0844937 33.4634928,-112.0928478 33.4495715)",741
639,v,4566,2051,,,2,17,"LINESTRING(-112.0898607 33.4655975,-112.096677 33.4495635)",741
640,v,4765,4399,,,2,17,"LINESTRING(-112.08387 33.4652036,-112.0903758 33.4495263)",709
641,v,4787,3896,,,2,17,"LINESTRING(-112.0852687 33.4633509,-112.0920003 33.4505167)",757
642,v,4999,4230,,,2,17,"LINESTRING(-112.0881897 33.4645347,-112.0867564 33.4514737)",734
643,v,5234,2048,,,2,17,"LINESTRING(-112.0893511 33.4635064,-112.0954431 33.4495376)",720
644,v,4507,4032,,,2,17,"LINESTRING(-112.0906359 33.4645358,-112.0963603 33.4509888)",726
645,v,5276,3942,,,2,17,"LINESTRING(-112.0899908 33.465009,-112.0817285 33.4520717)",727
646,v,5135,2463,,,2,17,"LINESTRING(-112.0898379 33.4653379,-112.0949069 33.4516418)",746
647,v,4668,3971,,,2,17,"LINESTRING(-112.0809517 33.4645302,-112.0857415 33.4517798)",708
648,v,4697,35,,41500765,2,17,"LINESTRING(-112.0855638 33.4635288,-112.095685 33.4531626)",740
649,v,266,3894,41647543,,2,17,"LINESTRING(-112.0838404 33.4676843,-112.0909796 33.4499315)",742
650,v,4678,2470,,,2,17,"LINESTRING(-112.0813916 33.4633263,-112.0964485 33.4514928)",715
651,v,5325,3876,,,2,17,"LINESTRING(-112.086791 33.4640041,-112.0976351 33.4518198)",705
652,v,5333,2047,,,2,17,"LINESTRING(-112.0896783 33.46503,-112.0947876 33.4494948)",757
653,v,4573,4050,,,2,17,"LINESTRING(-112.0969959 33.4639079,-112.0964462 33.4517725)",747
654,v,4760,2052,,,2,17,"LINESTRING(-112.0886203 33.4643556,-112.0975009 33.4495656)",748
655,v,4737,4044,,,2,17,"LINESTRING(-112.083874 33.4640352,-112.0971743 33.4523281)",705
656,v,4929,2467,,,2,17,"LINESTRING(-112.0923565 33.4652267,-112.0975685 33.4516287)",709
657,v,4619,2209,,,2,17,"LINESTRING(-112.0890065 33.4655996,-112.0821426 33.451186)",711
658,v,3031,2465,,,2,17,"LINESTRING(-112.0967748 33.465992,-112.0973099 33.4515389)",732
659,v,4679,4165,,,2,18,"LINESTRING(-112.0975149 33.4642208,-112.0639223 33.4504577)",755
660,v,5057,4151,,,2,18,"LINESTRING(-112.0832732 33.4645491,-112.0639493 33.4506716)",704
661,v,4619,1261,,1526072499,2,18,"LINESTRING(-112.0890065 33.4655996,-112.0738623 33.4493259)",758
662,v,5113,3998,,,2,18,"LINESTRING(-112.0863953 33.4645324,-112.0679676 33.4515404)",736
663,v,4916,1260,,1526072498,2,18,"LINESTRING(-112.0880199 33.4644755,-112.0738239 33.4493262)",754
664,v,4522,2271,,,2,18,"LINESTRING(-112.0962209 33.4645414,-112.0766515 33.4531994)",744
665,v,5018,2180,,,2,18,"LINESTRING(-112.0873592 33.463986,-112.0729688 33.4529483)",723
666,v,4569,4140,,,2,18,"LINESTRING(-112.0919687 33.463987,-112.0664166 33.4491605)",751
667,v,4873,2262,,,2,18,"LINESTRING(-112.0931207 33.4634888,-112.0729277 33.4504504)",746
668,v,4716,2156,,,2,18,"LINESTRING(-112.0840176 33.4641687,-112.065986 33.4495809)",750
669,v,5224,2215,,,2,18,"LINESTRING(-112.0807364 33.4639991,-112.0662143 33.4518757)",754
670,v,5295,2167,,,2,18,"LINESTRING(-112.0904747 33.4640111,-112.0660123 33.449983)",738
671,v,4439,1298,,1556606712,2,18,"LINESTRING(-112.0925731 33.4633399,-112.0802068 33.4493043)",745
672,v,5294,535,,41997893,2,18,"LINESTRING(-112.094222 33.4645201,-112.0764291 33.4493066)",740
673,v,4482,2119,,,2,18,"LINESTRING(-112.0907834 33.4635176,-112.0742006 33.4508537)",714
674,v,4854,3142,,,2,18,"LINESTRING(-112.0888456 33.4656064,-112.0742465 33.4494855)",732
675,v,5338,2305,,,2,18,"LINESTRING(-112.0847239 33.4653417,-112.0768486 33.4527223)",713
676,v,4650,153,,41607948,2,18,"LINESTRING(-112.0879746 33.4652056,-112.0725622 33.4493186)",740
677,v,4933,2126,,,2,18,"LINESTRING(-112.0898383 33.4634866,-112.0706046 33.4531277)",705
678,v,4819,3618,,,2,18,"LINESTRING(-112.0888629 33.4635031,-112.0741679 33.4528746)",725
679,v,4105,1076,,1256224119,2,18,"LINESTRING(-112.0822166 33.4657247,-112.0674906 33.4503895)",709
680,v,5260,2611,,,2,18,"LINESTRING(-112.096244 33.4640286,-112.0734657 33.4500722)",751
681,v,5325,4150,,,2,18,"LINESTRING(-112.086791 33.4640041,-112.0640094 33.4506715)",749
682,v,5003,2638,,,2,18,"LINESTRING(-112.0896753 33.4634959,-112.0635912 33.4534579)",711
683,v,134,2348,41595181,,2,18,"LINESTRING(-112.0870463 33.4647637,-112.0692769 33.45271)",745
684,v,4446,4003,,,2,18,"LINESTRING(-112.0926194 33.4640321,-112.0741383 33.4518661)",755
685,v,5267,2187,,,2,18,"LINESTRING(-112.0857436 33.4652237,-112.0804044 33.4499324)",745
686,v,4813,4003,,,2,18,"LINESTRING(-112.0806795 33.46434,-112.0741383 33.4518661)",704
687,v,5143,2348,,,2,18,"LINESTRING(-112.0903232 33.4645183,-112.0692769 33.45271)",738
688,v,4922,2160,,,2,18,"LINESTRING(-112.0948882 33.4643622,-112.0668756 33.4499624)",735
689,v,5196,146,,41601190,2,18,"LINESTRING(-112.0873328 33.4653782,-112.0777144 33.4503629)",740
690,v,5000,2165,,,2,18,"LINESTRING(-112.0943775 33.4634751,-112.0728695 33.4500435)",745
691,v,5105,2157,,,2,18,"LINESTRING(-112.0815566 33.4635154,-112.0732122 33.4496101)",711
692,v,4871,2645,,,2,18,"LINESTRING(-112.0830338 33.464007,-112.0639505 33.4537449)",756
693,v,5162,4424,,,2,18,"LINESTRING(-112.0960405 33.464877,-112.069385 33.449343)",754
694,v,5179,2255,,,2,18,"LINESTRING(-112.0857985 33.4641878,-112.0663149 33.4509008)",724
695,v,4249,2087,,,2,18,"LINESTRING(-112.0963428 33.4655164,-112.0754692 33.4496046)",728
696,v,4565,4164,,,2,18,"LINESTRING(-112.0890279 33.4633162,-112.0638631 33.4504575)",727
697,v,4475,156,,41607953,2,18,"LINESTRING(-112.091491 33.464034,-112.0725502 33.4523948)",731
698,v,4528,2138,,,2,18,"LINESTRING(-112.0975912 33.4633817,-112.0760084 33.4520312)",752
699,v,4718,2153,,,2,18,"LINESTRING(-112.081367 33.465013,-112.0780792 33.4517098)",707
700,v,4642,2167,,,2,18,"LINESTRING(-112.0972676 33.4656892,-112.0660123 33.449983)",756
701,v,4362,3136,,,2,18,"LINESTRING(-112.0914863 33.4650117,-112.075676 33.4500489)",739
702,v,4787,536,,41997895,2,18,"LINESTRING(-112.0852687 33.4633509,-112.0764414 33.450373)",730
703,v,76,2340,41584049,,2,18,"LINESTRING(-112.0912766 33.4637404,-112.0787034 33.45279)",740
704,v,4790,146,,41601190,2,18,"LINESTRING(-112.0936266 33.4645403,-112.0777144 33.4503629)",749
705,v,4364,2252,,,2,18,"LINESTRING(-112.0917082 33.4669449,-112.0733443 33.449056)",706
706,v,5072,4146,,,2,18,"LINESTRING(-112.085748 33.4639963,-112.0638625 33.4506225)",747
707,v,4887,2144,,,2,18,"LINESTRING(-112.0807452 33.4650415,-112.0656412 33.4491763)",739
708,v,4728,2165,,,2,18,"LINESTRING(-112.0866055 33.4655233,-112.0728695 33.4500435)",706
709,v,4507,2262,,,2,18,"LINESTRING(-112.0906359 33.4645358,-112.0729277 33.4504504)",729
710,v,4517,2172,,,2,18,"LINESTRING(-112.0819884 33.4650307,-112.0718965 33.44985)",734
711,v,5135,2622,,,2,18,"LINESTRING(-112.0898379 33.4653379,-112.0687366 33.452123)",727
712,v,4547,4423,,,2,18,"LINESTRING(-112.0906171 33.4640055,-112.0691904 33.4494758)",735
713,v,5338,3522,,,2,18,"LINESTRING(-112.0847239 33.4653417,-112.0755107 33.452594)",746
714,v,4994,4150,,,2,18,"LINESTRING(-112.0972831 33.4640744,-112.0640094 33.4506715)",741
715,v,4995,2562,,,2,18,"LINESTRING(-112.0890144 33.4642072,-112.0639006 33.451791)",752
716,v,4486,535,,41997893,2,18,"LINESTRING(-112.0940705 33.4639582,-112.0764291 33.4493066)",706
717,v,4364,2156,,,2,18,"LINESTRING(-112.0917082 33.4669449,-112.065986 33.4495809)",716
718,v,3030,3522,,,2,18,"LINESTRING(-112.0975789 33.466104,-112.0755107 33.452594)",716
719,v,678,2101,42498786,,2,18,"LINESTRING(-112.0934544 33.4637382,-112.0663842 33.4506789)",741
720,v,4635,2120,,,2,18,"LINESTRING(-112.0881816 33.4639976,-112.074202 33.4512064)",758
721,v,4920,4424,,,2,18,"LINESTRING(-112.0923297 33.4633197,-112.069385 33.449343)",758
722,v,5335,240,,41634726,2,19,"LINESTRING(-112.087381 33.4635356,-112.0499021 33.4494446)",753
723,v,4751,3379,,,2,19,"LINESTRING(-112.0906319 33.4655242,-112.0580162 33.452322)",703
724,v,4760,233,,41634701,2,19,"LINESTRING(-112.0886203 33.4643556,-112.0606513 33.4493023)",708
725,v,5319,255,,41644383,2,19,"LINESTRING(-112.0943786 33.4641875,-112.0620655 33.45235)",755
726,v,4246,2569,,,2,19,"LINESTRING(-112.0865888 33.4657341,-112.0623603 33.4517669)",713
727,v,134,5853,41595181,,2,19,"LINESTRING(-112.0870463 33.4647637,-112.0595496 33.4508419)",738
728,v,4685,413,,41754084,2,19,"LINESTRING(-112.0918041 33.4639927,-112.0547789 33.4529142)",702
729,v,5272,3376,,,2,19,"LINESTRING(-112.0936396 33.4639884,-112.058177 33.4527201)",752
730,v,4875,4198,,,2,19,"LINESTRING(-112.0885051 33.464001,-112.0479503 33.451645)",743
731,v,5004,4195,,,2,19,"LINESTRING(-112.0969196 33.4636883,-112.04809 33.4492512)",733
732,v,5313,2567,,,2,19,"LINESTRING(-112.0894824 33.4650185,-112.0629704 33.4519855)",707
733,v,5317,171,,41608904,2,20,"LINESTRING(-112.0901712 33.4650344,-112.0455549 33.4504531)",716
734,v,4759,248,,41634747,2,20,"LINESTRING(-112.0942124 33.4640106,-112.0336477 33.4494152)",713
735,v,5021,3749,,,2,20,"LINESTRING(-112.0916642 33.4634976,-112.0385605 33.4526417)",748
736,v,4557,3344,,,2,20,"LINESTRING(-112.0851053 33.4644737,-112.0439335 33.4536212)",732
737,v,4798,3749,,,2,20,"LINESTRING(-112.0823798 33.4633108,-112.0385605 33.4526417)",723
738,v,4751,5548,,,2,21,"LINESTRING(-112.0906319 33.4655242,-112.1113377 33.4477588)",721
739,v,5098,5475,,,2,21,"LINESTRING(-112.0834331 33.4640567,-112.112158 33.446248)",738
740,v,5086,5548,,,2,21,"LINESTRING(-112.0901464 33.4635042,-112.1113377 33.4477588)",729
741,v,5167,2043,,,2,21,"LINESTRING(-112.0906225 33.4635299,-112.0978569 33.4481138)",703
742,v,4768,3325,,,2,21,"LINESTRING(-112.088698 33.4635232,-112.0995993 33.4466803)",727
743,v,4642,2074,,,2,21,"LINESTRING(-112.0972676 33.4656892,-112.1008768 33.4463986)",751
744,v,4437,5538,,,2,21,"LINESTRING(-112.0920356 33.4633218,-112.1101625 33.4477925)",708
745,v,4245,276,,41648700,2,21,"LINESTRING(-112.0875 33.4660851,-112.1087701 33.4480525)",711
746,v,5162,5466,,,2,21,"LINESTRING(-112.0960405 33.464877,-112.113837 33.4459485)",707
747,v,4716,5571,,,2,21,"LINESTRING(-112.0840176 33.4641687,-112.1137095 33.4475085)",751
748,v,4949,4419,,,2,21,"LINESTRING(-112.0947326 33.4635026,-112.0985841 33.4486632)",714
749,v,4751,5527,,,2,21,"LINESTRING(-112.0906319 33.4655242,-112.1100018 33.4472377)",712
750,v,4639,5575,,,2,21,"LINESTRING(-112.0930593 33.4642002,-112.114113 33.446997)",735
751,v,4541,5518,,,2,21,"LINESTRING(-112.085069 33.4642013,-112.1104934 33.4461201)",720
752,v,4437,5542,,,2,21,"LINESTRING(-112.0920356 33.4633218,-112.1096565 33.4477555)",723
753,v,3032,2363,,,2,21,"LINESTRING(-112.0951487 33.4661205,-112.0996719 33.4452907)",708
754,v,5143,2359,,,2,21,"LINESTRING(-112.0903232 33.4645183,-112.1008678 33.4477318)",731
755,v,5028,5507,,,2,21,"LINESTRING(-112.094076 33.4649844,-112.1091725 33.4466557)",702
756,v,5241,4115,,,2,21,"LINESTRING(-112.0843015 33.4645172,-112.100225 33.4472345)",712
757,v,4722,5582,,,2,21,"LINESTRING(-112.08938 33.465012,-112.1148535 33.4465755)",737
758,v,5044,4088,,,2,22,"LINESTRING(-112.0818141 33.4633543,-112.0812875 33.4487109)",715
759,v,5021,1283,,1556606555,2,22,"LINESTRING(-112.0916642 33.4634976,-112.0892451 33.4481721)",746
760,v,5265,2342,,,2,22,"LINESTRING(-112.0888415 33.464519,-112.0931659 33.4452126)",749
761,v,4477,4113,,,2,22,"LINESTRING(-112.0942086 33.4649855,-112.0915402 33.4489527)",733
762,v,5108,3793,,,2,22,"LINESTRING(-112.0943458 33.4644938,-112.0935492 33.448097)",757
763,v,4566,446,,41803783,2,22,"LINESTRING(-112.0898607 33.4655975,-112.0836645 33.4471025)",752
764,v,4253,4415,,,2,22,"LINESTRING(-112.0837423 33.4653603,-112.0917885 33.447372)",705
765,v,4601,2059,,,2,22,"LINESTRING(-112.0837909 33.4633319,-112.0953122 33.4455234)",751
766,v,4994,2045,,,2,22,"LINESTRING(-112.0972831 33.4640744,-112.0927858 33.4488838)",705
767,v,4813,4088,,,2,22,"LINESTRING(-112.0806795 33.46434,-112.0812875 33.4487109)",745
768,v,5139,834,,329617646,2,22,"LINESTRING(-112.092156 33.4635214,-112.0870009 33.4452238)",759
769,v,4948,4273,,,2,22,"LINESTRING(-112.0871941 33.4652091,-112.0953326 33.4469209)",726
770,v,4518,3957,,,2,22,"LINESTRING(-112.0895268 33.463992,-112.0935604 33.4483873)",732
771,v,5289,218,,41614151,2,22,"LINESTRING(-112.0907821 33.4640211,-112.0958127 33.4459756)",743
772,v,5239,1282,,1556606551,2,22,"LINESTRING(-112.0836814 33.4645053,-112.0903623 33.4481562)",710
773,v,5302,5434,,,2,22,"LINESTRING(-112.0853311 33.4655706,-112.086128 33.4467582)",706
774,v,4737,3015,,,2,22,"LINESTRING(-112.083874 33.4640352,-112.0866573 33.4453272)",715
775,v,5041,2189,,,2,22,"LINESTRING(-112.0807036 33.4635112,-112.0820004 33.4474706)",702
776,v,5021,4408,,,2,22,"LINESTRING(-112.0916642 33.4634976,-112.0975245 33.4453858)",714
777,v,5113,2041,,,2,22,"LINESTRING(-112.0863953 33.4645324,-112.0966242 33.4486082)",714
778,v,4732,5448,,,2,22,"LINESTRING(-112.0932574 33.4639841,-112.0872353 33.4467577)",704
779,v,4444,834,,329617646,2,22,"LINESTRING(-112.0928759 33.4641563,-112.0870009 33.4452238)",721
780,v,4582,2242,,,2,22,"LINESTRING(-112.0883646 33.4635076,-112.0853098 33.4484995)",740
781,v,4757,3957,,,2,22,"LINESTRING(-112.0866065 33.4650363,-112.0935604 33.4483873)",727
782,v,5305,3013,,,2,22,"LINESTRING(-112.0916473 33.4639621,-112.0839863 33.4478894)",720
783,v,4726,4273,,,2,22,"LINESTRING(-112.0863377 33.4642168,-112.0953326 33.4469209)",734
784,v,4677,3566,,,2,22,"LINESTRING(-112.0898343 33.465012,-112.0947203 33.4462945)",719
785,v,5154,3918,,,2,22,"LINESTRING(-112.0876827 33.4639842,-112.0903687 33.4486815)",757
786,v,4776,465,,41812035,2,22,"LINESTRING(-112.0839087 33.4650154,-112.0869714 33.4450985)",725
787,v,4261,5433,,,2,22,"LINESTRING(-112.0820313 33.4661,-112.0856645 33.4467675)",738
788,v,3025,3859,,,2,22,"LINESTRING(-112.0964881 33.4663597,-112.0894585 33.4467777)",706
789,v,4629,2075,,,2,22,"LINESTRING(-112.0876415 33.464389,-112.0964977 33.446242)",738
790,v,4887,3918,,,2,22,"LINESTRING(-112.0807452 33.4650415,-112.0903687 33.4486815)",708
791,v,4619,2428,,,2,22,"LINESTRING(-112.0890065 33.4655996,-112.090575 33.447764)",800
792,v,4853,4398,,,2,22,"LINESTRING(-112.0879288 33.4652383,-112.0903649 33.4489549)",759
793,v,4437,5453,,,2,22,"LINESTRING(-112.0920356 33.4633218,-112.0872645 33.4457325)",717
794,v,5262,2054,,,2,22,"LINESTRING(-112.0902529 33.4651413,-112.0910633 33.4476473)",741
795,v,5279,2530,,,2,23,"LINESTRING(-112.0833 33.4650213,-112.0647458 33.4448597)",716
796,v,4811,5657,,,2,23,"LINESTRING(-112.0936459 33.4641803,-112.0663006 33.4485962)",713
797,v,4520,2529,,,2,23,"LINESTRING(-112.084078 33.4635141,-112.0657572 33.4466893)",718
798,v,4486,830,,317522124,2,23,"LINESTRING(-112.0940705 33.4639582,-112.0747803 33.4450349)",714
799,v,4890,2114,,,2,23,"LINESTRING(-112.090475 33.4634964,-112.073384 33.4453242)",737
800,v,5254,2070,,,2,23,"LINESTRING(-112.0844846 33.464005,-112.0783602 33.4465577)",726
801,v,4759,1273,,1556606397,2,23,"LINESTRING(-112.0942124 33.4640106,-112.0789418 33.4450375)",720
802,v,5286,2038,,,2,23,"LINESTRING(-112.0922394 33.4652172,-112.0712148 33.4459271)",759
803,v,4832,3817,,,2,23,"LINESTRING(-112.0877213 33.4635196,-112.0795689 33.4462616)",736
804,v,4547,2261,,,2,23,"LINESTRING(-112.0906171 33.4640055,-112.0762228 33.4488346)",731
805,v,4787,2355,,,2,23,"LINESTRING(-112.0852687 33.4633509,-112.0702457 33.4453504)",725
806,v,5239,3833,,,2,23,"LINESTRING(-112.0836814 33.4645053,-112.0795665 33.446359)",723
807,v,3031,2509,,,2,23,"LINESTRING(-112.0967748 33.465992,-112.0642701 33.4448875)",733
808,v,4939,2557,,,2,23,"LINESTRING(-112.0823825 33.4634937,-112.063496 33.4486229)",737
809,v,4880,3834,,,2,23,"LINESTRING(-112.0876085 33.4653876,-112.0795698 33.4463346)",740
810,v,4523,2620,,,2,23,"LINESTRING(-112.0931342 33.4643422,-112.0714888 33.4486116)",734
811,v,4438,2379,,,2,23,"LINESTRING(-112.0925175 33.4632912,-112.0745899 33.4475502)",725
812,v,4545,3573,,,2,23,"LINESTRING(-112.0853345 33.4645201,-112.0762125 33.4473278)",744
813,v,4261,2177,,,2,23,"LINESTRING(-112.0820313 33.4661,-112.0721769 33.4485806)",712
814,v,5209,3810,,,2,23,"LINESTRING(-112.0873473 33.4652004,-112.0792483 33.4466759)",741
815,v,5217,2021,,7041037993,2,23,"LINESTRING(-112.0813907 33.4645334,-112.0776982 33.4466162)",752
816,v,4438,2365,,,2,23,"LINESTRING(-112.0925175 33.4632912,-112.0731141 33.4479416)",752
817,v,4862,2154,,,2,23,"LINESTRING(-112.0888437 33.4650267,-112.0663811 33.4475855)",800
818,v,4845,832,,317522158,2,23,"LINESTRING(-112.0937781 33.4649855,-112.075166 33.4460774)",736
819,v,5186,3813,,,2,23,"LINESTRING(-112.0859829 33.4639972,-112.0795721 33.4469423)",747
820,v,4254,2388,,,2,23,"LINESTRING(-112.0829315 33.4654168,-112.0730852 33.4465963)",728
821,v,266,2107,41647543,,2,23,"LINESTRING(-112.0838404 33.4676843,-112.075758 33.4477386)",724
822,v,5231,3847,,,2,23,"LINESTRING(-112.0895372 33.4650084,-112.0782591 33.447626)",727
823,v,5234,919,,331901579,2,23,"LINESTRING(-112.0893511 33.4635064,-112.0725601 33.448293)",713
824,v,5201,3840,,,2,23,"LINESTRING(-112.0880251 33.4639939,-112.0782603 33.4477471)",702
825,v,4360,3814,,,2,23,"LINESTRING(-112.0917083 33.4664003,-112.0796194 33.4465779)",727
826,v,4489,2127,,,2,23,"LINESTRING(-112.0885344 33.4649866,-112.0764078 33.4465206)",727
827,v,5137,1125,,1450708839,2,23,"LINESTRING(-112.0927627 33.4639946,-112.0731049 33.4450454)",759
828,v,5290,3508,,,2,23,"LINESTRING(-112.0817886 33.463521,-112.0773387 33.4484816)",709
829,v,5320,3809,,,2,23,"LINESTRING(-112.0878088 33.4643489,-112.0795717 33.4468937)",746
830,v,4708,2067,,,2,23,"LINESTRING(-112.0925228 33.4643343,-112.0768412 33.4475279)",744
831,v,5286,2117,,,2,23,"LINESTRING(-112.0922394 33.4652172,-112.0784056 33.4489215)",731
832,v,5333,919,,331901579,2,23,"LINESTRING(-112.0896783 33.46503,-112.0725601 33.448293)",743
833,v,4638,3804,,,2,23,"LINESTRING(-112.0962375 33.4634213,-112.0795668 33.4463828)",751
834,v,4498,3814,,,2,23,"LINESTRING(-112.0873739 33.4645099,-112.0796194 33.4465779)",725
835,v,5142,2535,,,2,23,"LINESTRING(-112.0819778 33.4652204,-112.0701212 33.4458262)",711
836,v,4580,2243,,,2,23,"LINESTRING(-112.0859729 33.4635132,-112.0639737 33.4461394)",726
837,v,5284,2088,,,2,23,"LINESTRING(-112.0927874 33.4655121,-112.0757676 33.448572)",717
838,v,4790,466,,41823831,2,23,"LINESTRING(-112.0936266 33.4645403,-112.0777019 33.4460668)",704
839,v,4523,3824,,,2,23,"LINESTRING(-112.0931342 33.4643422,-112.0795677 33.446432)",733
840,v,4811,951,,331927663,2,23,"LINESTRING(-112.0936459 33.4641803,-112.0725524 33.4471174)",753
841,v,4439,3573,,,2,23,"LINESTRING(-112.0925731 33.4633399,-112.0762125 33.4473278)",742
842,v,4902,3832,,,2,23,"LINESTRING(-112.095319 33.4639642,-112.0796202 33.446724)",712
843,v,4941,2563,,,2,23,"LINESTRING(-112.0845102 33.4650302,-112.064547 33.4486215)",750
844,v,4474,2549,,,2,23,"LINESTRING(-112.0939119 33.464526,-112.0741486 33.4477471)",702
845,v,4866,1290,,1556606597,2,23,"LINESTRING(-112.0810101 33.4643906,-112.0789595 33.4482345)",703
846,v,4507,2021,,7041037993,2,23,"LINESTRING(-112.0906359 33.4645358,-112.0776982 33.4466162)",707
847,v,4597,3387,,,2,23,"LINESTRING(-112.0901639 33.4645302,-112.0702511 33.4456398)",716
848,v,4521,3521,,,2,23,"LINESTRING(-112.0889988 33.4650294,-112.0782982 33.4487634)",756
849,v,5220,830,,317522124,2,23,"LINESTRING(-112.0922412 33.4641599,-112.0747803 33.4450349)",706
850,v,4449,831,,317522156,2,23,"LINESTRING(-112.0942433 33.4641904,-112.0750959 33.4450345)",716
851,v,4822,3819,,,2,23,"LINESTRING(-112.0932185 33.4641736,-112.0796205 33.4467727)",725
852,v,5224,3832,,,2,23,"LINESTRING(-112.0807364 33.4639991,-112.0796202 33.446724)",739
853,v,4843,3806,,,2,23,"LINESTRING(-112.0896315 33.4643389,-112.0796186 33.4465293)",727
854,v,4884,2117,,,2,23,"LINESTRING(-112.0836158 33.463307,-112.0784056 33.4489215)",729
855,v,5162,599,,42221113,2,24,"LINESTRING(-112.0960405 33.464877,-112.0589867 33.4450239)",703
856,v,5021,1227,,1513713026,2,24,"LINESTRING(-112.0916642 33.4634976,-112.0520749 33.4488973)",756
857,v,4999,910,,331893069,2,24,"LINESTRING(-112.0881897 33.4645347,-112.05208 33.4483363)",705
858,v,4893,3470,,,2,24,"LINESTRING(-112.083051 33.4643314,-112.0514566 33.4454616)",759
859,v,5137,1226,,1513713023,2,24,"LINESTRING(-112.0927627 33.4639946,-112.05424 33.4488839)",738
860,v,5295,3583,,,2,24,"LINESTRING(-112.0904747 33.4640111,-112.0486609 33.4464329)",752
861,v,5049,3714,,,2,24,"LINESTRING(-112.0921402 33.4645318,-112.0503676 33.4479011)",748
862,v,4880,3468,,,2,24,"LINESTRING(-112.0876085 33.4653876,-112.0561677 33.4453701)",706
863,v,3031,3725,,,2,24,"LINESTRING(-112.0967748 33.465992,-112.0512843 33.4478752)",753
864,v,5322,3706,,,2,24,"LINESTRING(-112.0929198 33.4644857,-112.0569055 33.4480381)",715
865,v,4671,833,,317522337,2,24,"LINESTRING(-112.0943616 33.4639894,-112.0499311 33.447169)",748
866,v,4960,1185,,1502088653,2,24,"LINESTRING(-112.0846894 33.4650213,-112.0520793 33.4482024)",759
867,v,4367,3755,,,2,24,"LINESTRING(-112.0916922 33.4665347,-112.0559432 33.4477422)",729
868,v,3315,3408,,,2,24,"LINESTRING(-112.0828575 33.46614,-112.055936 33.4487648)",703
869,v,4909,350,,41698393,2,24,"LINESTRING(-112.0906349 33.4650249,-112.0620991 33.4472147)",714
870,v,4253,2556,,,2,24,"LINESTRING(-112.0837423 33.4653603,-112.0626811 33.4487302)",745
871,v,4760,3715,,,2,24,"LINESTRING(-112.0886203 33.4643556,-112.0532023 33.447531)",755
872,v,4486,3707,,,2,24,"LINESTRING(-112.0940705 33.4639582,-112.0548921 33.4479488)",748
873,v,4920,910,,331893069,2,24,"LINESTRING(-112.0923297 33.4633197,-112.05208 33.4483363)",731
874,v,4838,3417,,,2,24,"LINESTRING(-112.0926111 33.463971,-112.0512113 33.4485176)",742
875,v,5139,4188,,,2,24,"LINESTRING(-112.092156 33.4635214,-112.0479023 33.4479155)",703
876,v,4447,4186,,,2,24,"LINESTRING(-112.0932292 33.464327,-112.0482664 33.44794)",759
877,v,4916,1293,,1556606634,2,24,"LINESTRING(-112.0880199 33.4644755,-112.0564349 33.4483148)",739
878,v,4708,3712,,,2,24,"LINESTRING(-112.0925228 33.4643343,-112.0507099 33.4479149)",704
879,v,5284,3423,,,2,25,"LINESTRING(-112.0927874 33.4655121,-112.0439224 33.44806)",712
880,v,653,558,42377495,42035971,2,25,"LINESTRING(-112.0892058 33.4637363,-112.0302579 33.4454022)",711
881,v,4680,5429,,,2,25,"LINESTRING(-112.0843583 33.4642086,-112.0457774 33.4486319)",726
882,v,4763,1171,,1502088440,2,25,"LINESTRING(-112.0895496 33.4645223,-112.0346062 33.4473433)",718
883,v,5072,3404,,,2,25,"LINESTRING(-112.085748 33.4639963,-112.0396182 33.4486399)",723
884,v,269,3401,41647549,,2,25,"LINESTRING(-112.0870445 33.4676533,-112.0394221 33.4486347)",725
885,v,4722,940,,331917957,2,25,"LINESTRING(-112.08938 33.465012,-112.0455637 33.4471741)",745
886,v,5121,900,,331872251,2,25,"LINESTRING(-112.0816891 33.4645019,-112.0346057 33.4472271)",727
887,v,5176,978,,361601090,2,27,"LINESTRING(-112.0898793 33.465153,-112.1134068 33.45296)",744
888,v,4677,20,,41500699,2,27,"LINESTRING(-112.0898343 33.465012,-112.1122864 33.4526449)",726
889,v,4661,1928,,5208264853,2,27,"LINESTRING(-112.0894782 33.46434,-112.1149608 33.449111)",745
890,v,5309,978,,361601090,2,27,"LINESTRING(-112.0880369 33.4655896,-112.1134068 33.45296)",726
891,v,4566,20,,41500699,2,27,"LINESTRING(-112.0898607 33.4655975,-112.1122864 33.4526449)",737
892,v,4802,701,,42604632,2,27,"LINESTRING(-112.0875393 33.465584,-112.1147779 33.4501585)",747
893,v,4600,1982,,5689426834,2,27,"LINESTRING(-112.0811542 33.4634807,-112.1149153 33.4511114)",749
894,v,4245,978,,361601090,2,27,"LINESTRING(-112.0875 33.4660851,-112.1134068 33.45296)",758
895,v,5130,978,,361601090,2,27,"LINESTRING(-112.0834127 33.4643489,-112.1134068 33.45296)",755
896,v,4485,20,,41500699,2,27,"LINESTRING(-112.0903328 33.4655874,-112.1122864 33.4526449)",714
897,v,4175,20,,41500699,2,27,"LINESTRING(-112.0910932 33.4656184,-112.1122864 33.4526449)",746
898,v,5208,1928,,5208264853,2,27,"LINESTRING(-112.089783 33.46434,-112.1149608 33.449111)",728
899,v,5335,1928,,5208264853,2,27,"LINESTRING(-112.087381 33.4635356,-112.1149608 33.449111)",706
900,v,4181,20,,41500699,2,27,"LINESTRING(-112.0916988 33.4656363,-112.1122864 33.4526449)",731
901,v,4933,20,,41500699,2,27,"LINESTRING(-112.0898383 33.4634866,-112.1122864 33.4526449)",739
902,v,5208,1982,,5689426834,2,27,"LINESTRING(-112.089783 33.46434,-112.1149153 33.4511114)",746
903,v,4986,1928,,5208264853,2,27,"LINESTRING(-112.0882501 33.4656153,-112.1149608 33.449111)",743
904,v,5025,1928,,5208264853,2,27,"LINESTRING(-112.0836689 33.4643433,-112.1149608 33.449111)",706
905,v,5239,978,,361601090,2,27,"LINESTRING(-112.0836814 33.4645053,-112.1134068 33.45296)",705
906,v,4619,978,,361601090,2,27,"LINESTRING(-112.0890065 33.4655996,-112.1134068 33.45296)",756
907,v,5176,1982,,5689426834,2,27,"LINESTRING(-112.0898793 33.465153,-112.1149153 33.4511114)",751
908,v,5051,20,,41500699,2,27,"LINESTRING(-112.0842719 33.4640095,-112.1122864 33.4526449)",716
909,v,4776,701,,42604632,2,27,"LINESTRING(-112.0839087 33.4650154,-112.1147779 33.4501585)",757
910,v,4754,978,,361601090,2,27,"LINESTRING(-112.0878531 33.4639954,-112.1134068 33.45296)",713
911,v,5186,978,,361601090,2,27,"LINESTRING(-112.0859829 33.4639972,-112.1134068 33.45296)",722
912,v,5132,1982,,5689426834,2,27,"LINESTRING(-112.0926027 33.4645059,-112.1149153 33.4511114)",716
913,v,4963,1928,,5208264853,2,27,"LINESTRING(-112.0923176 33.464322,-112.1149608 33.449111)",749
914,v,5144,1928,,5208264853,2,27,"LINESTRING(-112.0888959 33.4651875,-112.1149608 33.449111)",734
915,v,4765,1928,,5208264853,2,27,"LINESTRING(-112.08387 33.4652036,-112.1149608 33.449111)",748
916,v,5335,1928,,5208264853,2,27,"LINESTRING(-112.087381 33.4635356,-112.1149608 33.449111)",716
917,v,4881,20,,41500699,2,27,"LINESTRING(-112.0883346 33.4652297,-112.1122864 33.4526449)",729
918,v,5032,20,,41500699,2,27,"LINESTRING(-112.0932923 33.4635248,-112.1122864 33.4526449)",712
919,v,5037,978,,361601090,2,27,"LINESTRING(-112.0911038 33.4640373,-112.1134068 33.45296)",725
920,v,5182,1928,,5208264853,2,27,"LINESTRING(-112.0927708 33.464512,-112.1149608 33.449111)",749
921,v,5254,1928,,5208264853,2,27,"LINESTRING(-112.0844846 33.464005,-112.1149608 33.449111)",715
922,v,4601,978,,361601090,2,27,"LINESTRING(-112.0837909 33.4633319,-112.1134068 33.45296)",702
923,v,4838,701,,42604632,2,27,"LINESTRING(-112.0926111 33.463971,-112.1147779 33.4501585)",719
924,v,4802,1982,,5689426834,2,27,"LINESTRING(-112.0875393 33.465584,-112.1149153 33.4511114)",707
925,v,4845,978,,361601090,2,27,"LINESTRING(-112.0937781 33.4649855,-112.1134068 33.45296)",759
926,v,4667,988,,368354362,2,29,"LINESTRING(-112.0918004 33.4634559,-112.1148884 33.4614758)",753
927,v,4449,979,,368354300,2,29,"LINESTRING(-112.0942433 33.4641904,-112.1142742 33.4620329)",736
928,v,4496,988,,368354362,2,29,"LINESTRING(-112.0859609 33.4645313,-112.1148884 33.4614758)",754
929,v,4855,979,,368354300,2,29,"LINESTRING(-112.095158 33.4639668,-112.1142742 33.4620329)",739
930,v,4474,988,,368354362,2,29,"LINESTRING(-112.0939119 33.464526,-112.1148884 33.4614758)",719
931,v,4711,988,,368354362,2,29,"LINESTRING(-112.0918376 33.4652136,-112.1148884 33.4614758)",800
932,v,4500,979,,368354300,2,29,"LINESTRING(-112.0889931 33.4639943,-112.1142742 33.4620329)",727
933,v,4875,985,,368354317,2,29,"LINESTRING(-112.0885051 33.464001,-112.1149178 33.4616845)",751
934,v,79,985,41584054,368354317,2,29,"LINESTRING(-112.091406 33.4676708,-112.1149178 33.4616845)",728
935,v,5071,985,,368354317,2,29,"LINESTRING(-112.0809386 33.4650453,-112.1149178 33.4616845)",707
936,v,5178,988,,368354362,2,29,"LINESTRING(-112.0972743 33.4643287,-112.1148884 33.4614758)",725
937,v,5018,979,,368354300,2,29,"LINESTRING(-112.0873592 33.463986,-112.1142742 33.4620329)",748
938,v,5100,979,,368354300,2,29,"LINESTRING(-112.0868424 33.4655166,-112.1142742 33.4620329)",735
939,v,4896,988,,368354362,2,29,"LINESTRING(-112.0936427 33.4650404,-112.1148884 33.4614758)",717
940,v,134,979,41595181,368354300,2,29,"LINESTRING(-112.0870463 33.4647637,-112.1142742 33.4620329)",753
941,v,5197,988,,368354362,2,29,"LINESTRING(-112.0890145 33.4634886,-112.1148884 33.4614758)",727
942,v,678,979,42498786,368354300,2,29,"LINESTRING(-112.0934544 33.4637382,-112.1142742 33.4620329)",723
943,v,4967,985,,368354317,2,29,"LINESTRING(-112.0954491 33.4633271,-112.1149178 33.4616845)",723
944,v,4523,979,,368354300,2,29,"LINESTRING(-112.0931342 33.4643422,-112.1142742 33.4620329)",752
945,v,5139,979,,368354300,2,29,"LINESTRING(-112.092156 33.4635214,-112.1142742 33.4620329)",706
946,v,4532,988,,368354362,2,29,"LINESTRING(-112.0858831 33.4641162,-112.1148884 33.4614758)",712
947,v,4641,988,,368354362,2,29,"LINESTRING(-112.0909417 33.4645268,-112.1148884 33.4614758)",711
948,v,4500,985,,368354317,2,29,"LINESTRING(-112.0889931 33.4639943,-112.1149178 33.4616845)",720
949,v,4719,979,,368354300,2,29,"LINESTRING(-112.0909386 33.4650174,-112.1142742 33.4620329)",728
950,v,5223,988,,368354362,2,29,"LINESTRING(-112.0868325 33.4650112,-112.1148884 33.4614758)",730
951,v,4960,1484,,3073027834,2,31,"LINESTRING(-112.0846894 33.4650213,-112.1008577 33.4667383)",724
952,v,5320,1063,,796562722,2,31,"LINESTRING(-112.0878088 33.4643489,-112.1134103 33.4676658)",709
953,v,4591,1482,,3073027832,2,31,"LINESTRING(-112.0831821 33.4642061,-112.100973 33.4666368)",706
954,v,5035,1484,,3073027834,2,31,"LINESTRING(-112.087263 33.4656221,-112.1008577 33.4667383)",733
955,v,4569,2029,,7249317983,2,31,"LINESTRING(-112.0919687 33.463987,-112.0999791 33.4679393)",716
956,v,4701,1063,,796562722,2,31,"LINESTRING(-112.0811688 33.4650275,-112.1134103 33.4676658)",714
957,v,4536,1063,,796562722,2,31,"LINESTRING(-112.0820078 33.4639968,-112.1134103 33.4676658)",708
958,v,317,2029,41661589,7249317983,2,31,"LINESTRING(-112.0848605 33.4667873,-112.0999791 33.4679393)",732
959,v,4750,1557,,3608483504,2,31,"LINESTRING(-112.0846321 33.463317,-112.0995771 33.4623303)",724
960,v,4493,991,,368354403,2,31,"LINESTRING(-112.0812656 33.4633308,-112.110757 33.4675609)",708
961,v,4663,2029,,7249317983,2,31,"LINESTRING(-112.0815754 33.4640009,-112.0999791 33.4679393)",721
962,v,4450,1063,,796562722,2,31,"LINESTRING(-112.0952007 33.4633315,-112.1134103 33.4676658)",759
963,v,4629,1484,,3073027834,2,31,"LINESTRING(-112.0876415 33.464389,-112.1008577 33.4667383)",734
964,v,4500,998,,368354446,2,31,"LINESTRING(-112.0889931 33.4639943,-112.1105982 33.4676586)",754
965,v,5167,1557,,3608483504,2,31,"LINESTRING(-112.0906225 33.4635299,-112.0995771 33.4623303)",759
966,v,5211,1484,,3073027834,2,31,"LINESTRING(-112.0939189 33.4650001,-112.1008577 33.4667383)",727
967,v,5030,1557,,3608483504,2,31,"LINESTRING(-112.0894793 33.4651873,-112.0995771 33.4623303)",715
968,v,4583,1557,,3608483504,2,31,"LINESTRING(-112.0899506 33.4641957,-112.0995771 33.4623303)",715
969,v,4893,1557,,3608483504,2,31,"LINESTRING(-112.083051 33.4643314,-112.0995771 33.4623303)",717
970,v,5208,998,,368354446,2,31,"LINESTRING(-112.089783 33.46434,-112.1105982 33.4676586)",755
971,v,4677,813,,256635418,2,31,"LINESTRING(-112.0898343 33.465012,-112.1032672 33.4590087)",719
972,v,4451,1063,,796562722,2,31,"LINESTRING(-112.0949587 33.4633325,-112.1134103 33.4676658)",702
973,v,4873,991,,368354403,2,31,"LINESTRING(-112.0931207 33.4634888,-112.110757 33.4675609)",715
974,v,4997,1557,,3608483504,2,31,"LINESTRING(-112.0919703 33.4645144,-112.0995771 33.4623303)",713
975,v,5215,991,,368354403,2,31,"LINESTRING(-112.0851361 33.4635344,-112.110757 33.4675609)",751
976,v,4973,1063,,796562722,2,31,"LINESTRING(-112.0901618 33.4640244,-112.1134103 33.4676658)",758
977,v,4812,813,,256635418,2,31,"LINESTRING(-112.0863296 33.4643814,-112.1032672 33.4590087)",717
978,v,4930,1557,,3608483504,2,31,"LINESTRING(-112.0855423 33.4655707,-112.0995771 33.4623303)",754
979,v,4883,1482,,3073027832,2,31,"LINESTRING(-112.0882005 33.4634997,-112.100973 33.4666368)",715
980,v,4784,991,,368354403,2,31,"LINESTRING(-112.0916354 33.4645272,-112.110757 33.4675609)",718
981,v,4832,813,,256635418,2,31,"LINESTRING(-112.0877213 33.4635196,-112.1032672 33.4590087)",730
982,v,4730,1482,,3073027832,2,31,"LINESTRING(-112.0868218 33.4645055,-112.100973 33.4666368)",705
983,v,4760,813,,256635418,2,31,"LINESTRING(-112.0886203 33.4643556,-112.1032672 33.4590087)",714
984,v,4447,1484,,3073027834,2,31,"LINESTRING(-112.0932292 33.464327,-112.1008577 33.4667383)",718
985,v,4732,1044,,369002396,2,31,"LINESTRING(-112.0932574 33.4639841,-112.1099122 33.466706)",757
986,v,4920,813,,256635418,2,31,"LINESTRING(-112.0923297 33.4633197,-112.1032672 33.4590087)",739
987,v,4446,1484,,3073027834,2,31,"LINESTRING(-112.0926194 33.4640321,-112.1008577 33.4667383)",743
988,v,4980,998,,368354446,2,31,"LINESTRING(-112.0895534 33.4655865,-112.1105982 33.4676586)",717
989,v,3565,1044,,369002396,2,31,"LINESTRING(-112.0950636 33.4649882,-112.1099122 33.466706)",731
990,v,5327,813,,256635418,2,31,"LINESTRING(-112.0923032 33.4635155,-112.1032672 33.4590087)",752
991,v,4528,1063,,796562722,2,31,"LINESTRING(-112.0975912 33.4633817,-112.1134103 33.4676658)",718
992,v,5328,1557,,3608483504,2,31,"LINESTRING(-112.092729 33.4642005,-112.0995771 33.4623303)",703
993,v,4363,1557,,3608483504,2,31,"LINESTRING(-112.0914827 33.4644475,-112.0995771 33.4623303)",753
994,v,5136,1063,,796562722,2,31,"LINESTRING(-112.0948484 33.4634844,-112.1134103 33.4676658)",724
995,v,5021,2029,,7249317983,2,31,"LINESTRING(-112.0916642 33.4634976,-112.0999791 33.4679393)",704
996,v,4909,1044,,369002396,2,31,"LINESTRING(-112.0906349 33.4650249,-112.1099122 33.466706)",720
997,v,4728,1484,,3073027834,2,31,"LINESTRING(-112.0866055 33.4655233,-112.1008577 33.4667383)",755
998,v,5084,1063,,796562722,2,31,"LINESTRING(-112.0884604 33.4651608,-112.1134103 33.4676658)",723
999,v,3694,813,,256635418,2,31,"LINESTRING(-112.083985 33.4655876,-112.1032672 33.4590087)",744
1000,v,4997,2029,,7249317983,2,31,"LINESTRING(-112.0919703 33.4645144,-112.0999791 33.4679393)",757
1001,v,4893,2029,,7249317983,2,31,"LINESTRING(-112.083051 33.4643314,-112.0999791 33.4679393)",732
1002,v,4765,991,,368354403,2,31,"LINESTRING(-112.08387 33.4652036,-112.110757 33.4675609)",741
1003,v,5320,991,,368354403,2,31,"LINESTRING(-112.0878088 33.4643489,-112.110757 33.4675609)",710
1004,v,4520,1482,,3073027832,2,31,"LINESTRING(-112.084078 33.4635141,-112.100973 33.4666368)",755
1005,v,4762,1063,,796562722,2,31,"LINESTRING(-112.0943733 33.4651962,-112.1134103 33.4676658)",707
1006,v,4812,1044,,369002396,2,31,"LINESTRING(-112.0863296 33.4643814,-112.1099122 33.466706)",726
1007,v,5237,1044,,369002396,2,31,"LINESTRING(-112.0863678 33.464009,-112.1099122 33.466706)",747
1008,v,4482,813,,256635418,2,31,"LINESTRING(-112.0907834 33.4635176,-112.1032672 33.4590087)",717
1009,v,5025,1484,,3073027834,2,31,"LINESTRING(-112.0836689 33.4643433,-112.1008577 33.4667383)",705
1010,v,5150,1482,,3073027832,2,31,"LINESTRING(-112.0890025 33.4643243,-112.100973 33.4666368)",736
1011,v,4865,2029,,7249317983,2,31,"LINESTRING(-112.0845003 33.4642001,-112.0999791 33.4679393)",735
1012,v,4826,2029,,7249317983,2,31,"LINESTRING(-112.0950956 33.465188,-112.0999791 33.4679393)",706
1013,v,5312,1063,,796562722,2,31,"LINESTRING(-112.0830546 33.4645371,-112.1134103 33.4676658)",735
1014,v,4470,2029,,7249317983,2,31,"LINESTRING(-112.0814998 33.4651292,-112.0999791 33.4679393)",707
1015,v,5249,1063,,796562722,2,31,"LINESTRING(-112.084043 33.4633196,-112.1134103 33.4676658)",724
1016,v,4677,2029,,7249317983,2,31,"LINESTRING(-112.0898343 33.465012,-112.0999791 33.4679393)",745
1017,v,5309,1482,,3073027832,2,31,"LINESTRING(-112.0880369 33.4655896,-112.100973 33.4666368)",746
1018,v,5158,1063,,796562722,2,31,"LINESTRING(-112.0856778 33.4641196,-112.1134103 33.4676658)",758
1019,v,4557,2029,,7249317983,2,31,"LINESTRING(-112.0851053 33.4644737,-112.0999791 33.4679393)",705
1020,v,4687,1484,,3073027834,2,31,"LINESTRING(-112.0926288 33.4635146,-112.1008577 33.4667383)",709
1021,v,5163,813,,256635418,2,31,"LINESTRING(-112.0817935 33.4639903,-112.1032672 33.4590087)",704
1022,v,4566,998,,368354446,2,31,"LINESTRING(-112.0898607 33.4655975,-112.1105982 33.4676586)",725
1023,v,4547,1557,,3608483504,2,31,"LINESTRING(-112.0906171 33.4640055,-112.0995771 33.4623303)",708
1024,v,5098,1482,,3073027832,2,31,"LINESTRING(-112.0834331 33.4640567,-112.100973 33.4666368)",715
1025,v,5018,813,,256635418,2,31,"LINESTRING(-112.0873592 33.463986,-112.1032672 33.4590087)",711
1026,v,4176,1063,,796562722,2,31,"LINESTRING(-112.0920252 33.4661405,-112.1134103 33.4676658)",755
1027,v,5109,1484,,3073027834,2,31,"LINESTRING(-112.0899992 33.4640112,-112.1008577 33.4667383)",744
1028,v,4973,1557,,3608483504,2,31,"LINESTRING(-112.0901618 33.4640244,-112.0995771 33.4623303)",754
1029,v,4709,1044,,369002396,2,31,"LINESTRING(-112.0899721 33.4643903,-112.1099122 33.466706)",739
1030,v,4865,813,,256635418,2,31,"LINESTRING(-112.0845003 33.4642001,-112.1032672 33.4590087)",719
1031,v,79,1482,41584054,3073027832,2,31,"LINESTRING(-112.091406 33.4676708,-112.100973 33.4666368)",720
1032,v,4175,1482,,3073027832,2,31,"LINESTRING(-112.0910932 33.4656184,-112.100973 33.4666368)",741
1033,v,4722,1044,,369002396,2,31,"LINESTRING(-112.08938 33.465012,-112.1099122 33.466706)",735
1034,v,4902,1063,,796562722,2,31,"LINESTRING(-112.095319 33.4639642,-112.1134103 33.4676658)",733
1035,v,5105,1044,,369002396,2,31,"LINESTRING(-112.0815566 33.4635154,-112.1099122 33.466706)",703
1036,v,4677,1063,,796562722,2,31,"LINESTRING(-112.0898343 33.465012,-112.1134103 33.4676658)",716
1037,v,4881,998,,368354446,2,31,"LINESTRING(-112.0883346 33.4652297,-112.1105982 33.4676586)",737
1038,v,4471,1557,,3608483504,2,31,"LINESTRING(-112.0924609 33.4634786,-112.0995771 33.4623303)",719
1039,v,4477,813,,256635418,2,31,"LINESTRING(-112.0942086 33.4649855,-112.1032672 33.4590087)",744
1040,v,4791,1551,,3604246915,2,32,"LINESTRING(-112.0861876 33.4640125,-112.0848837 33.4601471)",751
1041,v,5204,1081,,1256308228,2,32,"LINESTRING(-112.0915037 33.4635041,-112.0829925 33.4597321)",741
1042,v,5333,1121,,1433207013,2,32,"LINESTRING(-112.0896783 33.46503,-112.0949827 33.4669597)",727
1043,v,4674,1101,,1340574572,2,32,"LINESTRING(-112.0919649 33.4649974,-112.0891259 33.4678819)",743
1044,v,4249,1121,,1433207013,2,32,"LINESTRING(-112.0963428 33.4655164,-112.0949827 33.4669597)",725
1045,v,5046,1101,,1340574572,2,32,"LINESTRING(-112.0874829 33.4652109,-112.0891259 33.4678819)",729
1046,v,4548,1070,,1006431220,2,32,"LINESTRING(-112.080929 33.4635003,-112.093798 33.4663017)",741
1047,v,4873,1070,,1006431220,2,32,"LINESTRING(-112.0931207 33.4634888,-112.093798 33.4663017)",728
1048,v,5053,1055,,415980575,2,32,"LINESTRING(-112.0853439 33.4635277,-112.0847767 33.4678986)",736
1049,v,4851,1101,,1340574572,2,32,"LINESTRING(-112.0811598 33.4645236,-112.0891259 33.4678819)",729
1050,v,4728,779,,256544450,2,32,"LINESTRING(-112.0866055 33.4655233,-112.0934461 33.4613804)",754
1051,v,4106,1552,,3604246917,2,32,"LINESTRING(-112.083443 33.4659384,-112.0848336 33.4601487)",732
1052,v,4843,1101,,1340574572,2,32,"LINESTRING(-112.0896315 33.4643389,-112.0891259 33.4678819)",753
1053,v,4728,1552,,3604246917,2,32,"LINESTRING(-112.0866055 33.4655233,-112.0848336 33.4601487)",747
1054,v,5041,1551,,3604246915,2,32,"LINESTRING(-112.0807036 33.4635112,-112.0848837 33.4601471)",727
1055,v,4728,1121,,1433207013,2,32,"LINESTRING(-112.0866055 33.4655233,-112.0949827 33.4669597)",741
1056,v,5069,1081,,1256308228,2,32,"LINESTRING(-112.0882896 33.4651641,-112.0829925 33.4597321)",727
1057,v,4813,1552,,3604246917,2,32,"LINESTRING(-112.0806795 33.46434,-112.0848336 33.4601487)",749
1058,v,4734,1121,,1433207013,2,32,"LINESTRING(-112.0881535 33.4633141,-112.0949827 33.4669597)",711
1059,v,4650,1070,,1006431220,2,32,"LINESTRING(-112.0879746 33.4652056,-112.093798 33.4663017)",749
1060,v,4817,1552,,3604246917,2,32,"LINESTRING(-112.0903101 33.4640055,-112.0848336 33.4601487)",704
1061,v,5258,1055,,415980575,2,32,"LINESTRING(-112.0893668 33.46516,-112.0847767 33.4678986)",742
1062,v,665,779,42424923,256544450,2,32,"LINESTRING(-112.0870413 33.4637416,-112.0934461 33.4613804)",702
1063,v,5261,1101,,1340574572,2,32,"LINESTRING(-112.085267 33.464338,-112.0891259 33.4678819)",746
1064,v,5335,1121,,1433207013,2,32,"LINESTRING(-112.087381 33.4635356,-112.0949827 33.4669597)",715
1065,v,5044,1551,,3604246915,2,32,"LINESTRING(-112.0818141 33.4633543,-112.0848837 33.4601471)",715
1066,v,4474,1101,,1340574572,2,32,"LINESTRING(-112.0939119 33.464526,-112.0891259 33.4678819)",704
1067,v,4623,1070,,1006431220,2,32,"LINESTRING(-112.0834851 33.4645395,-112.093798 33.4663017)",746
1068,v,4486,1552,,3604246917,2,32,"LINESTRING(-112.0940705 33.4639582,-112.0848336 33.4601487)",755
1069,v,5135,1121,,1433207013,2,32,"LINESTRING(-112.0898379 33.4653379,-112.0949827 33.4669597)",706
1070,v,4595,1055,,415980575,2,32,"LINESTRING(-112.0885064 33.4654822,-112.0847767 33.4678986)",758
1071,v,4180,779,,256544450,2,32,"LINESTRING(-112.0915494 33.465378,-112.0934461 33.4613804)",754
1072,v,4899,779,,256544450,2,32,"LINESTRING(-112.0919842 33.4652077,-112.0934461 33.4613804)",750
1073,v,5135,1070,,1006431220,2,32,"LINESTRING(-112.0898379 33.4653379,-112.093798 33.4663017)",744
1074,v,4176,1055,,415980575,2,32,"LINESTRING(-112.0920252 33.4661405,-112.0847767 33.4678986)",707
1075,v,4739,1070,,1006431220,2,32,"LINESTRING(-112.0841061 33.4645357,-112.093798 33.4663017)",735
1076,v,4740,1121,,1433207013,2,32,"LINESTRING(-112.0855398 33.4645179,-112.0949827 33.4669597)",708
1077,v,4826,1055,,415980575,2,32,"LINESTRING(-112.0950956 33.465188,-112.0847767 33.4678986)",750
1078,v,4687,1101,,1340574572,2,32,"LINESTRING(-112.0926288 33.4635146,-112.0891259 33.4678819)",730
